provider,lat,lon,num_stops_per_week,score
Trinity Metro,32.75183,-97.32577,0,0
Trinity Metro,32.7055,-97.33155,190,2
Trinity Metro,32.74004,-97.43417,0,0
Trinity Metro,32.74043,-97.26316,0,0
Trinity Metro,32.68501,-97.32436,0,0
Trinity Metro,32.7566,-97.34046,91,1
Trinity Metro,32.74429,-97.32726,0,0
Trinity Metro,32.79086,-97.35153,0,0
Trinity Metro,32.7057,-97.30573,0,0
Trinity Metro,32.92199,-97.31836,0,0
Trinity Metro,32.81946,-97.29364,0,0
Trinity Metro,32.79583,-97.33762,0,0
Trinity Metro,32.75579,-97.34014,92,1
Trinity Metro,32.74375,-97.32718,118,1
Trinity Metro,32.74533,-97.32845,200,2
Trinity Metro,32.75173,-97.32552,200,2
Trinity Metro,32.78839,-97.34924,253,2
Trinity Metro,32.67641,-97.39959,44,1
Trinity Metro,32.81716,-97.05316,234,2
Trinity Metro,32.7995,-97.22305,34,1
Trinity Metro,32.70607,-97.31908,95,1
Trinity Metro,32.56359,-97.31481,11,1
Trinity Metro,32.78061,-97.3085,55,1
Trinity Metro,32.82432,-97.04935,89,1
Trinity Metro,32.82393,-97.0489,89,1
Trinity Metro,32.70674,-97.41185,27,1
Trinity Metro,32.66271,-97.41872,28,1
Trinity Metro,32.7307,-97.34272,61,1
Trinity Metro,32.73588,-97.2922,26,1
Trinity Metro,32.72602,-97.33038,61,1
Trinity Metro,32.72427,-97.47082,31,1
Trinity Metro,32.72423,-97.46748,31,1
Trinity Metro,32.6514,-97.36551,70,1
Trinity Metro,32.64603,-97.36979,2,1
Trinity Metro,32.65237,-97.32073,4,1
Trinity Metro,32.63973,-97.3219,2,1
Trinity Metro,32.63506,-97.36822,56,1
Trinity Metro,32.64642,-97.36941,42,1
Trinity Metro,32.65356,-97.3639,59,1
Trinity Metro,32.67193,-97.28804,126,1
Trinity Metro,32.68915,-97.33182,187,2
Trinity Metro,32.68473,-97.33091,289,2
Trinity Metro,32.76586,-97.33865,186,2
Trinity Metro,32.74074,-97.36132,38,1
Trinity Metro,32.74237,-97.36976,175,2
Trinity Metro,32.75108,-97.34017,354,2
Trinity Metro,32.75242,-97.33165,344,2
Trinity Metro,32.7509,-97.33707,367,2
Trinity Metro,32.75108,-97.33787,354,2
Trinity Metro,32.75108,-97.34405,394,3
Trinity Metro,32.75114,-97.34943,394,3
Trinity Metro,32.75123,-97.35309,394,3
Trinity Metro,32.75127,-97.35931,182,2
Trinity Metro,32.75097,-97.35454,407,3
Trinity Metro,32.75094,-97.35287,407,3
Trinity Metro,32.75091,-97.34317,407,3
Trinity Metro,32.72012,-97.36146,38,1
Trinity Metro,32.70792,-97.36052,38,1
Trinity Metro,32.70934,-97.36026,38,1
Trinity Metro,32.74142,-97.36159,38,1
Trinity Metro,32.73721,-97.36154,38,1
Trinity Metro,32.72873,-97.36143,38,1
Trinity Metro,32.72594,-97.36139,38,1
Trinity Metro,32.72215,-97.36147,38,1
Trinity Metro,32.71584,-97.36049,38,1
Trinity Metro,32.71348,-97.36051,38,1
Trinity Metro,32.71068,-97.36053,38,1
Trinity Metro,32.70463,-97.36055,99,1
Trinity Metro,32.70009,-97.36057,38,1
Trinity Metro,32.6986,-97.36515,38,1
Trinity Metro,32.69992,-97.36033,38,1
Trinity Metro,32.70561,-97.36032,38,1
Trinity Metro,32.71322,-97.36029,38,1
Trinity Metro,32.72052,-97.36111,38,1
Trinity Metro,32.72572,-97.36104,38,1
Trinity Metro,32.73021,-97.3612,38,1
Trinity Metro,32.7366,-97.36122,38,1
Trinity Metro,32.74756,-97.36471,172,2
Trinity Metro,32.7513,-97.33263,367,2
Trinity Metro,32.75107,-97.33545,354,2
Trinity Metro,32.73441,-97.32599,58,1
Trinity Metro,32.72602,-97.31921,58,1
Trinity Metro,32.74418,-97.32578,225,2
Trinity Metro,32.75156,-97.32892,746,4
Trinity Metro,32.75012,-97.3293,452,3
Trinity Metro,32.70632,-97.31844,38,1
Trinity Metro,32.70856,-97.31841,38,1
Trinity Metro,32.71029,-97.31841,38,1
Trinity Metro,32.71367,-97.31838,38,1
Trinity Metro,32.71618,-97.31835,38,1
Trinity Metro,32.71818,-97.31488,24,1
Trinity Metro,32.71818,-97.31337,24,1
Trinity Metro,32.71491,-97.31268,24,1
Trinity Metro,32.71348,-97.31267,24,1
Trinity Metro,32.72416,-97.31829,72,1
Trinity Metro,32.72395,-97.31846,58,1
Trinity Metro,32.72201,-97.31847,58,1
Trinity Metro,32.71918,-97.31848,58,1
Trinity Metro,32.72621,-97.319,72,1
Trinity Metro,32.7258,-97.32587,58,1
Trinity Metro,32.72602,-97.32117,58,1
Trinity Metro,32.72935,-97.32614,133,2
Trinity Metro,32.72942,-97.32628,119,1
Trinity Metro,32.73019,-97.32579,133,2
Trinity Metro,32.73439,-97.3258,59,1
Trinity Metro,32.73849,-97.32582,85,1
Trinity Metro,32.74239,-97.32582,85,1
Trinity Metro,32.74422,-97.32602,202,2
Trinity Metro,32.74063,-97.32597,84,1
Trinity Metro,32.73877,-97.32597,84,1
Trinity Metro,32.7311,-97.32599,119,1
Trinity Metro,32.72698,-97.32648,119,1
Trinity Metro,32.74752,-97.32758,452,3
Trinity Metro,32.75633,-97.32901,58,1
Trinity Metro,32.75911,-97.30185,58,1
Trinity Metro,32.76276,-97.30184,58,1
Trinity Metro,32.76498,-97.3018,58,1
Trinity Metro,32.77858,-97.30169,58,1
Trinity Metro,32.78066,-97.30168,58,1
Trinity Metro,32.78847,-97.30165,58,1
Trinity Metro,32.79451,-97.30209,58,1
Trinity Metro,32.75447,-97.30489,58,1
Trinity Metro,32.77612,-97.30864,55,1
Trinity Metro,32.77853,-97.30856,55,1
Trinity Metro,32.78376,-97.30851,55,1
Trinity Metro,32.78841,-97.30848,55,1
Trinity Metro,32.79301,-97.30847,55,1
Trinity Metro,32.80047,-97.29067,58,1
Trinity Metro,32.76338,-97.30955,58,1
Trinity Metro,32.75992,-97.31952,58,1
Trinity Metro,32.75992,-97.31907,58,1
Trinity Metro,32.75895,-97.32322,58,1
Trinity Metro,32.75879,-97.32304,58,1
Trinity Metro,32.75803,-97.3254,58,1
Trinity Metro,32.75787,-97.32609,58,1
Trinity Metro,32.75362,-97.3326,344,2
Trinity Metro,32.74798,-97.36971,182,2
Trinity Metro,32.74704,-97.37194,182,2
Trinity Metro,32.74643,-97.37341,182,2
Trinity Metro,32.74544,-97.37578,182,2
Trinity Metro,32.7437,-97.38001,182,2
Trinity Metro,32.74056,-97.3875,182,2
Trinity Metro,32.73825,-97.39299,182,2
Trinity Metro,32.7373,-97.39527,182,2
Trinity Metro,32.73628,-97.39774,182,2
Trinity Metro,32.73575,-97.39901,182,2
Trinity Metro,32.73132,-97.40961,182,2
Trinity Metro,32.72987,-97.41308,182,2
Trinity Metro,32.72919,-97.41469,182,2
Trinity Metro,32.72706,-97.4198,182,2
Trinity Metro,32.72638,-97.42144,182,2
Trinity Metro,32.72275,-97.43012,182,2
Trinity Metro,32.72505,-97.43464,182,2
Trinity Metro,32.72708,-97.43462,182,2
Trinity Metro,32.72948,-97.43459,182,2
Trinity Metro,32.73355,-97.43455,182,2
Trinity Metro,32.73652,-97.43409,270,2
Trinity Metro,32.74004,-97.43417,709,4
Trinity Metro,32.73615,-97.43432,280,2
Trinity Metro,32.7344,-97.4347,280,2
Trinity Metro,32.73172,-97.43472,192,2
Trinity Metro,32.72238,-97.43446,192,2
Trinity Metro,32.72386,-97.42674,192,2
Trinity Metro,32.72547,-97.42296,192,2
Trinity Metro,32.7271,-97.41898,192,2
Trinity Metro,32.72869,-97.41517,247,2
Trinity Metro,32.73013,-97.4118,237,2
Trinity Metro,32.73092,-97.40986,192,2
Trinity Metro,32.7359,-97.398,192,2
Trinity Metro,32.73709,-97.39515,192,2
Trinity Metro,32.73785,-97.39331,192,2
Trinity Metro,32.74039,-97.38725,291,2
Trinity Metro,32.74396,-97.37868,192,2
Trinity Metro,32.74547,-97.37507,192,2
Trinity Metro,32.74623,-97.37322,192,2
Trinity Metro,32.74689,-97.37164,192,2
Trinity Metro,32.74607,-97.31449,157,2
Trinity Metro,32.74605,-97.31116,180,2
Trinity Metro,32.75082,-97.36284,182,2
Trinity Metro,32.74994,-97.36502,182,2
Trinity Metro,32.74882,-97.36705,192,2
Trinity Metro,32.75049,-97.36298,192,2
Trinity Metro,32.74524,-97.29397,180,2
Trinity Metro,32.74439,-97.29107,180,2
Trinity Metro,32.74099,-97.28443,125,1
Trinity Metro,32.74072,-97.2712,125,1
Trinity Metro,32.7407,-97.26057,125,1
Trinity Metro,32.74071,-97.25698,125,1
Trinity Metro,32.7407,-97.25291,125,1
Trinity Metro,32.7388,-97.237,125,1
Trinity Metro,32.7346,-97.21758,62,1
Trinity Metro,32.73999,-97.21628,62,1
Trinity Metro,32.74562,-97.21621,62,1
Trinity Metro,32.73386,-97.2223,125,1
Trinity Metro,32.73603,-97.22824,125,1
Trinity Metro,32.73821,-97.23435,125,1
Trinity Metro,32.73912,-97.23696,125,1
Trinity Metro,32.73987,-97.23905,125,1
Trinity Metro,32.74107,-97.24993,125,1
Trinity Metro,32.741,-97.25466,125,1
Trinity Metro,32.741,-97.25986,125,1
Trinity Metro,32.74102,-97.26826,125,1
Trinity Metro,32.74049,-97.27582,125,1
Trinity Metro,32.74044,-97.28238,125,1
Trinity Metro,32.74615,-97.30026,183,2
Trinity Metro,32.7463,-97.31159,159,2
Trinity Metro,32.72851,-97.41632,182,2
Trinity Metro,32.72587,-97.42273,182,2
Trinity Metro,32.75089,-97.33021,304,2
Trinity Metro,32.68465,-97.33529,74,1
Trinity Metro,32.75762,-97.19398,52,1
Trinity Metro,32.76857,-97.21818,140,2
Trinity Metro,32.76357,-97.23995,78,1
Trinity Metro,32.75416,-97.26175,80,1
Trinity Metro,32.76274,-97.34801,91,1
Trinity Metro,32.78301,-97.37677,91,1
Trinity Metro,32.79201,-97.39085,91,1
Trinity Metro,32.79483,-97.39454,91,1
Trinity Metro,32.79543,-97.39716,92,1
Trinity Metro,32.79178,-97.39105,92,1
Trinity Metro,32.78266,-97.3769,149,2
Trinity Metro,32.77582,-97.36771,92,1
Trinity Metro,32.76742,-97.35469,92,1
Trinity Metro,32.76261,-97.34818,92,1
Trinity Metro,32.73405,-97.44331,57,1
Trinity Metro,32.73404,-97.44619,57,1
Trinity Metro,32.73406,-97.44906,57,1
Trinity Metro,32.73369,-97.45342,57,1
Trinity Metro,32.73391,-97.45605,57,1
Trinity Metro,32.73484,-97.45862,57,1
Trinity Metro,32.73615,-97.46394,57,1
Trinity Metro,32.7359,-97.46608,57,1
Trinity Metro,32.7339,-97.4666,57,1
Trinity Metro,32.73293,-97.46661,57,1
Trinity Metro,32.73201,-97.4666,57,1
Trinity Metro,32.72866,-97.46667,57,1
Trinity Metro,32.72646,-97.46564,57,1
Trinity Metro,32.7245,-97.46638,54,1
Trinity Metro,32.72455,-97.47088,54,1
Trinity Metro,32.72401,-97.47503,54,1
Trinity Metro,32.72104,-97.47503,54,1
Trinity Metro,32.71812,-97.4725,54,1
Trinity Metro,32.7176,-97.47002,54,1
Trinity Metro,32.71678,-97.46448,54,1
Trinity Metro,32.72346,-97.46577,54,1
Trinity Metro,32.72325,-97.46614,31,1
Trinity Metro,32.71678,-97.46461,31,1
Trinity Metro,32.71647,-97.46625,31,1
Trinity Metro,32.71776,-97.4702,31,1
Trinity Metro,32.71826,-97.47282,31,1
Trinity Metro,32.72095,-97.47489,31,1
Trinity Metro,32.72402,-97.47489,31,1
Trinity Metro,32.73574,-97.46602,31,1
Trinity Metro,32.73376,-97.45614,31,1
Trinity Metro,32.73351,-97.45351,31,1
Trinity Metro,32.73214,-97.44102,31,1
Trinity Metro,32.7243,-97.4411,31,1
Trinity Metro,32.72234,-97.44292,31,1
Trinity Metro,32.7227,-97.44624,31,1
Trinity Metro,32.72299,-97.44882,31,1
Trinity Metro,32.72332,-97.4519,31,1
Trinity Metro,32.72368,-97.45525,31,1
Trinity Metro,32.72403,-97.45843,31,1
Trinity Metro,32.72442,-97.46274,31,1
Trinity Metro,32.72411,-97.46235,57,1
Trinity Metro,32.72385,-97.45937,57,1
Trinity Metro,32.72328,-97.45482,57,1
Trinity Metro,32.72302,-97.45205,57,1
Trinity Metro,32.72283,-97.45012,57,1
Trinity Metro,32.72246,-97.4467,57,1
Trinity Metro,32.72219,-97.44423,57,1
Trinity Metro,32.72464,-97.44069,57,1
Trinity Metro,32.72835,-97.44066,57,1
Trinity Metro,32.72999,-97.44063,57,1
Trinity Metro,32.72666,-97.46529,31,1
Trinity Metro,32.7288,-97.46638,31,1
Trinity Metro,32.73024,-97.46641,31,1
Trinity Metro,32.73035,-97.46662,57,1
Trinity Metro,32.73148,-97.4664,31,1
Trinity Metro,32.73382,-97.46638,31,1
Trinity Metro,32.73391,-97.44328,31,1
Trinity Metro,32.73397,-97.43943,88,1
Trinity Metro,32.7457,-97.25401,52,1
Trinity Metro,32.74567,-97.25137,52,1
Trinity Metro,32.74565,-97.24731,52,1
Trinity Metro,32.74561,-97.24378,52,1
Trinity Metro,32.74563,-97.2409,52,1
Trinity Metro,32.74603,-97.23566,52,1
Trinity Metro,32.746,-97.23237,52,1
Trinity Metro,32.746,-97.22689,52,1
Trinity Metro,32.74601,-97.2233,52,1
Trinity Metro,32.74598,-97.22044,52,1
Trinity Metro,32.74599,-97.21768,52,1
Trinity Metro,32.74663,-97.2162,114,1
Trinity Metro,32.75135,-97.21619,114,1
Trinity Metro,32.75425,-97.21409,52,1
Trinity Metro,32.75428,-97.20942,52,1
Trinity Metro,32.75426,-97.2035,52,1
Trinity Metro,32.75641,-97.19845,52,1
Trinity Metro,32.75749,-97.19646,52,1
Trinity Metro,32.75731,-97.18607,52,1
Trinity Metro,32.75614,-97.16863,51,1
Trinity Metro,32.75752,-97.18578,51,1
Trinity Metro,32.75776,-97.19396,51,1
Trinity Metro,32.75768,-97.19627,51,1
Trinity Metro,32.75642,-97.19861,51,1
Trinity Metro,32.75443,-97.2038,51,1
Trinity Metro,32.75445,-97.20907,51,1
Trinity Metro,32.75127,-97.21634,111,1
Trinity Metro,32.74618,-97.21756,51,1
Trinity Metro,32.74617,-97.22077,51,1
Trinity Metro,32.74613,-97.22367,51,1
Trinity Metro,32.74615,-97.22779,51,1
Trinity Metro,32.74614,-97.23235,51,1
Trinity Metro,32.74614,-97.23562,51,1
Trinity Metro,32.74573,-97.24351,51,1
Trinity Metro,32.74575,-97.2458,51,1
Trinity Metro,32.74578,-97.25005,51,1
Trinity Metro,32.74583,-97.25394,51,1
Trinity Metro,32.74573,-97.26083,51,1
Trinity Metro,32.71838,-97.34386,57,1
Trinity Metro,32.71838,-97.34369,55,1
Trinity Metro,32.71184,-97.34395,57,1
Trinity Metro,32.71173,-97.34372,55,1
Trinity Metro,32.70759,-97.34627,57,1
Trinity Metro,32.70741,-97.3462,55,1
Trinity Metro,32.69843,-97.35306,57,1
Trinity Metro,32.68122,-97.35311,57,1
Trinity Metro,32.65308,-97.37212,14,1
Trinity Metro,32.71396,-97.26848,59,1
Trinity Metro,32.75325,-97.31841,58,1
Trinity Metro,32.73899,-97.26188,65,1
Trinity Metro,32.73685,-97.26191,65,1
Trinity Metro,32.73085,-97.26214,65,1
Trinity Metro,32.72345,-97.2623,65,1
Trinity Metro,32.72137,-97.26301,91,1
Trinity Metro,32.7196,-97.263,117,1
Trinity Metro,32.718,-97.26298,117,1
Trinity Metro,32.71608,-97.26301,65,1
Trinity Metro,32.71325,-97.26301,65,1
Trinity Metro,32.71154,-97.26301,65,1
Trinity Metro,32.70952,-97.26303,65,1
Trinity Metro,32.7085,-97.26302,65,1
Trinity Metro,32.70691,-97.26304,65,1
Trinity Metro,32.70227,-97.26304,65,1
Trinity Metro,32.6987,-97.26307,65,1
Trinity Metro,32.69489,-97.26309,65,1
Trinity Metro,32.68985,-97.26331,65,1
Trinity Metro,32.68688,-97.26328,65,1
Trinity Metro,32.68449,-97.26329,65,1
Trinity Metro,32.68329,-97.26328,65,1
Trinity Metro,32.68022,-97.26329,65,1
Trinity Metro,32.67609,-97.26338,65,1
Trinity Metro,32.6764,-97.26491,78,1
Trinity Metro,32.67791,-97.26819,78,1
Trinity Metro,32.67962,-97.2719,78,1
Trinity Metro,32.68264,-97.27849,78,1
Trinity Metro,32.68415,-97.28177,89,1
Trinity Metro,32.68922,-97.29282,89,1
Trinity Metro,32.6882,-97.29584,133,2
Trinity Metro,32.68458,-97.30414,65,1
Trinity Metro,32.68454,-97.31005,65,1
Trinity Metro,32.68452,-97.31162,65,1
Trinity Metro,32.6845,-97.31346,65,1
Trinity Metro,32.68446,-97.31643,65,1
Trinity Metro,32.68445,-97.31968,65,1
Trinity Metro,32.68503,-97.32773,302,2
Trinity Metro,32.68503,-97.33272,84,1
Trinity Metro,32.68478,-97.33555,84,1
Trinity Metro,32.68478,-97.33779,84,1
Trinity Metro,32.68483,-97.34064,84,1
Trinity Metro,32.68464,-97.34864,49,1
Trinity Metro,32.68466,-97.3535,49,1
Trinity Metro,32.68469,-97.35746,49,1
Trinity Metro,32.6847,-97.36234,49,1
Trinity Metro,32.68472,-97.36436,49,1
Trinity Metro,32.68472,-97.36803,49,1
Trinity Metro,32.67605,-97.38858,49,1
Trinity Metro,32.67064,-97.38987,49,1
Trinity Metro,32.67039,-97.39534,49,1
Trinity Metro,32.67121,-97.39923,49,1
Trinity Metro,32.67602,-97.40043,49,1
Trinity Metro,32.6762,-97.3977,240,2
Trinity Metro,32.67869,-97.39433,49,1
Trinity Metro,32.68218,-97.39226,49,1
Trinity Metro,32.68558,-97.39221,49,1
Trinity Metro,32.70995,-97.38648,49,1
Trinity Metro,32.72519,-97.38763,49,1
Trinity Metro,32.72895,-97.38774,49,1
Trinity Metro,32.73141,-97.38771,49,1
Trinity Metro,32.73714,-97.38763,49,1
Trinity Metro,32.73069,-97.38797,50,1
Trinity Metro,32.7273,-97.38796,50,1
Trinity Metro,32.72536,-97.38792,50,1
Trinity Metro,32.72186,-97.38695,50,1
Trinity Metro,32.7121,-97.38609,50,1
Trinity Metro,32.70477,-97.38901,50,1
Trinity Metro,32.69421,-97.39309,50,1
Trinity Metro,32.68908,-97.39373,50,1
Trinity Metro,32.68445,-97.39254,50,1
Trinity Metro,32.67901,-97.39453,50,1
Trinity Metro,32.67736,-97.39582,120,1
Trinity Metro,32.67578,-97.40079,50,1
Trinity Metro,32.67104,-97.3991,50,1
Trinity Metro,32.67056,-97.38964,50,1
Trinity Metro,32.67706,-97.38782,50,1
Trinity Metro,32.68455,-97.36804,50,1
Trinity Metro,32.68454,-97.3648,50,1
Trinity Metro,32.68452,-97.3622,50,1
Trinity Metro,32.68448,-97.35711,50,1
Trinity Metro,32.68444,-97.35322,50,1
Trinity Metro,32.68443,-97.34871,50,1
Trinity Metro,32.68454,-97.34533,50,1
Trinity Metro,32.68461,-97.34142,74,1
Trinity Metro,32.6842,-97.31884,61,1
Trinity Metro,32.68431,-97.31306,61,1
Trinity Metro,32.68437,-97.30918,61,1
Trinity Metro,32.68433,-97.30397,61,1
Trinity Metro,32.68452,-97.29715,61,1
Trinity Metro,32.68925,-97.29352,95,1
Trinity Metro,32.68429,-97.2827,95,1
Trinity Metro,32.68206,-97.2779,121,1
Trinity Metro,32.67936,-97.27195,74,1
Trinity Metro,32.67878,-97.27072,74,1
Trinity Metro,32.6763,-97.26526,74,1
Trinity Metro,32.67617,-97.2631,61,1
Trinity Metro,32.68032,-97.26311,61,1
Trinity Metro,32.68284,-97.2631,61,1
Trinity Metro,32.6842,-97.26308,61,1
Trinity Metro,32.6865,-97.26307,61,1
Trinity Metro,32.6895,-97.2631,61,1
Trinity Metro,32.69164,-97.26312,61,1
Trinity Metro,32.6934,-97.26288,61,1
Trinity Metro,32.69517,-97.26287,61,1
Trinity Metro,32.7008,-97.26283,61,1
Trinity Metro,32.70182,-97.26282,61,1
Trinity Metro,32.70636,-97.26282,61,1
Trinity Metro,32.70867,-97.26281,61,1
Trinity Metro,32.70969,-97.26281,61,1
Trinity Metro,32.71133,-97.26281,61,1
Trinity Metro,32.71463,-97.26279,113,1
Trinity Metro,32.71605,-97.26278,113,1
Trinity Metro,32.71795,-97.26277,113,1
Trinity Metro,32.71961,-97.26277,113,1
Trinity Metro,32.7217,-97.26275,87,1
Trinity Metro,32.72322,-97.26215,61,1
Trinity Metro,32.72807,-97.26191,61,1
Trinity Metro,32.7308,-97.26183,61,1
Trinity Metro,32.73201,-97.26184,61,1
Trinity Metro,32.73683,-97.2617,61,1
Trinity Metro,32.73902,-97.26167,61,1
Trinity Metro,32.6765,-97.32229,35,1
Trinity Metro,32.67638,-97.31962,35,1
Trinity Metro,32.6637,-97.30451,35,1
Trinity Metro,32.66776,-97.30988,24,1
Trinity Metro,32.70578,-97.31324,59,1
Trinity Metro,32.70977,-97.29407,59,1
Trinity Metro,32.71317,-97.28937,59,1
Trinity Metro,32.7134,-97.2758,59,1
Trinity Metro,32.71387,-97.2637,59,1
Trinity Metro,32.71365,-97.26086,59,1
Trinity Metro,32.71304,-97.25726,59,1
Trinity Metro,32.70669,-97.23167,11,1
Trinity Metro,32.70871,-97.23947,122,1
Trinity Metro,32.70936,-97.24313,61,1
Trinity Metro,32.71184,-97.24885,61,1
Trinity Metro,32.71302,-97.25287,61,1
Trinity Metro,32.71304,-97.25578,61,1
Trinity Metro,32.71341,-97.25833,61,1
Trinity Metro,32.71408,-97.26369,61,1
Trinity Metro,32.71413,-97.27139,61,1
Trinity Metro,32.7136,-97.27434,61,1
Trinity Metro,32.70989,-97.29422,61,1
Trinity Metro,32.70603,-97.32245,61,1
Trinity Metro,32.70605,-97.32676,61,1
Trinity Metro,32.70596,-97.33224,61,1
Trinity Metro,32.70612,-97.34226,61,1
Trinity Metro,32.706,-97.35949,59,1
Trinity Metro,32.70591,-97.35293,59,1
Trinity Metro,32.70586,-97.34082,59,1
Trinity Metro,32.70573,-97.33242,59,1
Trinity Metro,32.70581,-97.32607,59,1
Trinity Metro,32.70579,-97.31915,59,1
Trinity Metro,32.73855,-97.33982,118,1
Trinity Metro,32.73858,-97.34264,118,1
Trinity Metro,32.73617,-97.3438,118,1
Trinity Metro,32.73058,-97.34266,61,1
Trinity Metro,32.73058,-97.33983,61,1
Trinity Metro,32.73059,-97.33788,61,1
Trinity Metro,32.73057,-97.3347,61,1
Trinity Metro,32.72587,-97.32877,61,1
Trinity Metro,32.73198,-97.31795,74,1
Trinity Metro,32.73206,-97.31164,61,1
Trinity Metro,32.7315,-97.3088,61,1
Trinity Metro,32.73077,-97.29486,61,1
Trinity Metro,32.73068,-97.29218,61,1
Trinity Metro,32.73066,-97.28717,61,1
Trinity Metro,32.73063,-97.2855,61,1
Trinity Metro,32.73058,-97.27269,61,1
Trinity Metro,32.7312,-97.26947,61,1
Trinity Metro,32.73118,-97.2656,61,1
Trinity Metro,32.73114,-97.2609,61,1
Trinity Metro,32.73116,-97.25761,61,1
Trinity Metro,32.73113,-97.25387,61,1
Trinity Metro,32.73063,-97.24111,61,1
Trinity Metro,32.7289,-97.23746,61,1
Trinity Metro,32.72538,-97.23749,61,1
Trinity Metro,32.72398,-97.23748,61,1
Trinity Metro,32.72171,-97.2375,61,1
Trinity Metro,32.71777,-97.23797,61,1
Trinity Metro,32.71599,-97.23799,61,1
Trinity Metro,32.71163,-97.24779,59,1
Trinity Metro,32.70933,-97.24346,59,1
Trinity Metro,32.70854,-97.23909,120,1
Trinity Metro,32.71349,-97.23784,61,1
Trinity Metro,32.71624,-97.23784,61,1
Trinity Metro,32.71777,-97.23783,61,1
Trinity Metro,32.72391,-97.23736,123,1
Trinity Metro,32.72557,-97.23737,123,1
Trinity Metro,32.72755,-97.23734,123,1
Trinity Metro,32.72922,-97.23734,123,1
Trinity Metro,32.73084,-97.24132,61,1
Trinity Metro,32.73122,-97.24472,61,1
Trinity Metro,32.7313,-97.2503,61,1
Trinity Metro,32.7313,-97.25404,61,1
Trinity Metro,32.73132,-97.25733,61,1
Trinity Metro,32.73141,-97.26248,61,1
Trinity Metro,32.73135,-97.26558,61,1
Trinity Metro,32.73137,-97.26991,61,1
Trinity Metro,32.73074,-97.27269,61,1
Trinity Metro,32.73081,-97.28184,87,1
Trinity Metro,32.73079,-97.28517,61,1
Trinity Metro,32.73082,-97.28711,61,1
Trinity Metro,32.73085,-97.29098,61,1
Trinity Metro,32.73086,-97.29245,61,1
Trinity Metro,32.73107,-97.29586,61,1
Trinity Metro,32.73162,-97.30189,61,1
Trinity Metro,32.73166,-97.30363,61,1
Trinity Metro,32.73225,-97.31606,61,1
Trinity Metro,32.73072,-97.33453,61,1
Trinity Metro,32.73071,-97.33747,61,1
Trinity Metro,32.73069,-97.34006,61,1
Trinity Metro,32.7384,-97.3389,116,1
Trinity Metro,32.74521,-97.31182,81,1
Trinity Metro,32.74649,-97.3119,58,1
Trinity Metro,32.75072,-97.31543,58,1
Trinity Metro,32.75201,-97.31627,58,1
Trinity Metro,32.7508,-97.31826,58,1
Trinity Metro,32.74902,-97.31827,58,1
Trinity Metro,32.74148,-97.31228,57,1
Trinity Metro,32.73918,-97.31228,57,1
Trinity Metro,32.73496,-97.31187,57,1
Trinity Metro,32.73191,-97.3112,57,1
Trinity Metro,32.72983,-97.30863,57,1
Trinity Metro,32.72737,-97.30743,57,1
Trinity Metro,32.72691,-97.30429,57,1
Trinity Metro,32.72317,-97.30444,57,1
Trinity Metro,32.71992,-97.30445,57,1
Trinity Metro,32.71501,-97.30423,57,1
Trinity Metro,32.71013,-97.30413,81,1
Trinity Metro,32.70653,-97.30432,68,1
Trinity Metro,32.69965,-97.30525,44,1
Trinity Metro,32.69269,-97.30088,44,1
Trinity Metro,32.68521,-97.29586,133,2
Trinity Metro,32.68226,-97.29586,171,2
Trinity Metro,32.66829,-97.28565,103,1
Trinity Metro,32.67503,-97.29951,163,2
Trinity Metro,32.68256,-97.29556,182,2
Trinity Metro,32.68534,-97.29556,140,2
Trinity Metro,32.68825,-97.29552,140,2
Trinity Metro,32.68715,-97.28898,95,1
Trinity Metro,32.6865,-97.28025,47,1
Trinity Metro,32.69284,-97.30075,45,1
Trinity Metro,32.69586,-97.30385,45,1
Trinity Metro,32.69965,-97.30501,45,1
Trinity Metro,32.70648,-97.30405,79,1
Trinity Metro,32.70942,-97.30388,79,1
Trinity Metro,32.71958,-97.30423,45,1
Trinity Metro,32.72262,-97.30422,45,1
Trinity Metro,32.72704,-97.30427,45,1
Trinity Metro,32.72742,-97.30734,45,1
Trinity Metro,32.72989,-97.30854,45,1
Trinity Metro,32.7351,-97.31176,58,1
Trinity Metro,32.73918,-97.31214,58,1
Trinity Metro,32.74149,-97.31214,58,1
Trinity Metro,32.74646,-97.31201,58,1
Trinity Metro,32.68501,-97.33037,302,2
Trinity Metro,32.68945,-97.33162,190,2
Trinity Metro,32.69339,-97.33161,190,2
Trinity Metro,32.69578,-97.33157,190,2
Trinity Metro,32.69852,-97.33157,190,2
Trinity Metro,32.70125,-97.33155,190,2
Trinity Metro,32.71296,-97.33149,190,2
Trinity Metro,32.71702,-97.33144,190,2
Trinity Metro,32.72032,-97.33147,190,2
Trinity Metro,32.72353,-97.33145,190,2
Trinity Metro,32.72925,-97.33149,251,2
Trinity Metro,32.73048,-97.33146,190,2
Trinity Metro,32.73516,-97.33151,190,2
Trinity Metro,32.73824,-97.33173,190,2
Trinity Metro,32.74112,-97.33161,190,2
Trinity Metro,32.74329,-97.33152,190,2
Trinity Metro,32.76675,-97.33923,186,2
Trinity Metro,32.77478,-97.3446,186,2
Trinity Metro,32.77691,-97.34603,245,2
Trinity Metro,32.78998,-97.35627,57,1
Trinity Metro,32.79,-97.36014,57,1
Trinity Metro,32.79002,-97.36306,57,1
Trinity Metro,32.79004,-97.36682,113,1
Trinity Metro,32.79079,-97.36946,113,1
Trinity Metro,32.79175,-97.37059,113,1
Trinity Metro,32.7932,-97.37237,113,1
Trinity Metro,32.79342,-97.37354,57,1
Trinity Metro,32.79125,-97.37608,57,1
Trinity Metro,32.78902,-97.37903,57,1
Trinity Metro,32.78708,-97.38492,148,2
Trinity Metro,32.78912,-97.38702,57,1
Trinity Metro,32.79206,-97.38363,57,1
Trinity Metro,32.79402,-97.38136,57,1
Trinity Metro,32.79692,-97.37824,57,1
Trinity Metro,32.79375,-97.37331,59,1
Trinity Metro,32.79079,-97.36968,116,1
Trinity Metro,32.78992,-97.36766,116,1
Trinity Metro,32.7899,-97.36498,116,1
Trinity Metro,32.78988,-97.36226,57,1
Trinity Metro,32.78988,-97.36005,57,1
Trinity Metro,32.78986,-97.35667,57,1
Trinity Metro,32.79002,-97.36477,113,1
Trinity Metro,32.77804,-97.34713,249,2
Trinity Metro,32.77489,-97.34497,193,2
Trinity Metro,32.76691,-97.33964,193,2
Trinity Metro,32.76485,-97.33826,193,2
Trinity Metro,32.74336,-97.33169,187,2
Trinity Metro,32.7381,-97.33196,187,2
Trinity Metro,32.73499,-97.33167,187,2
Trinity Metro,32.7322,-97.33168,187,2
Trinity Metro,32.72616,-97.33168,187,2
Trinity Metro,32.72408,-97.33174,187,2
Trinity Metro,32.71704,-97.33168,187,2
Trinity Metro,32.71386,-97.33168,187,2
Trinity Metro,32.70863,-97.33172,187,2
Trinity Metro,32.70647,-97.33173,187,2
Trinity Metro,32.70464,-97.33174,187,2
Trinity Metro,32.70107,-97.33176,187,2
Trinity Metro,32.69891,-97.33177,187,2
Trinity Metro,32.69583,-97.33179,187,2
Trinity Metro,32.7346,-97.28584,26,1
Trinity Metro,32.73604,-97.29041,26,1
Trinity Metro,32.73604,-97.29243,26,1
Trinity Metro,32.73601,-97.29639,26,1
Trinity Metro,32.73757,-97.30362,26,1
Trinity Metro,32.74332,-97.31598,24,1
Trinity Metro,32.75143,-97.26174,80,1
Trinity Metro,32.7486,-97.26177,80,1
Trinity Metro,32.74227,-97.26203,131,2
Trinity Metro,32.74176,-97.26175,130,2
Trinity Metro,32.74842,-97.26163,78,1
Trinity Metro,32.75125,-97.26162,78,1
Trinity Metro,32.75418,-97.26162,78,1
Trinity Metro,32.76221,-97.23982,78,1
Trinity Metro,32.76417,-97.23736,78,1
Trinity Metro,32.76416,-97.2324,78,1
Trinity Metro,32.76523,-97.22887,78,1
Trinity Metro,32.76719,-97.2276,140,2
Trinity Metro,32.76646,-97.21492,157,2
Trinity Metro,32.76528,-97.21769,157,2
Trinity Metro,32.76616,-97.21045,78,1
Trinity Metro,32.76612,-97.20835,78,1
Trinity Metro,32.76609,-97.2059,78,1
Trinity Metro,32.76556,-97.2003,78,1
Trinity Metro,32.76566,-97.19481,78,1
Trinity Metro,32.76566,-97.19035,78,1
Trinity Metro,32.76521,-97.18244,78,1
Trinity Metro,32.76473,-97.16746,103,1
Trinity Metro,32.76542,-97.18239,80,1
Trinity Metro,32.76592,-97.19032,80,1
Trinity Metro,32.7659,-97.19467,80,1
Trinity Metro,32.76583,-97.20125,80,1
Trinity Metro,32.76637,-97.20619,80,1
Trinity Metro,32.7664,-97.20797,80,1
Trinity Metro,32.76828,-97.21406,234,2
Trinity Metro,32.76871,-97.21815,140,2
Trinity Metro,32.76904,-97.22411,140,2
Trinity Metro,32.76866,-97.22579,140,2
Trinity Metro,32.76724,-97.22776,140,2
Trinity Metro,32.76525,-97.22904,80,1
Trinity Metro,32.76428,-97.23763,80,1
Trinity Metro,32.76379,-97.23977,80,1
Trinity Metro,32.76223,-97.24007,80,1
Trinity Metro,32.76098,-97.24136,80,1
Trinity Metro,32.76022,-97.24708,80,1
Trinity Metro,32.75961,-97.25386,80,1
Trinity Metro,32.7592,-97.25563,80,1
Trinity Metro,32.75884,-97.26071,80,1
Trinity Metro,32.73762,-97.30404,26,1
Trinity Metro,32.73588,-97.2964,26,1
Trinity Metro,32.73587,-97.28881,26,1
Trinity Metro,32.73356,-97.28514,26,1
Trinity Metro,32.73064,-97.28201,87,1
Trinity Metro,32.7306,-97.27673,87,1
Trinity Metro,32.7272,-97.27667,26,1
Trinity Metro,32.72347,-97.27631,26,1
Trinity Metro,32.72345,-97.27312,26,1
Trinity Metro,32.72344,-97.26956,26,1
Trinity Metro,32.7233,-97.26611,26,1
Trinity Metro,32.72329,-97.26256,26,1
Trinity Metro,32.72119,-97.26249,26,1
Trinity Metro,32.72116,-97.25901,26,1
Trinity Metro,32.72115,-97.25513,26,1
Trinity Metro,32.72107,-97.24879,26,1
Trinity Metro,32.72107,-97.24244,26,1
Trinity Metro,32.72077,-97.23784,26,1
Trinity Metro,32.72044,-97.23521,26,1
Trinity Metro,32.72043,-97.23206,26,1
Trinity Metro,32.72041,-97.22846,26,1
Trinity Metro,32.72082,-97.2229,26,1
Trinity Metro,32.72081,-97.22024,26,1
Trinity Metro,32.72135,-97.21932,52,1
Trinity Metro,32.72285,-97.2212,26,1
Trinity Metro,32.72334,-97.22382,26,1
Trinity Metro,32.72096,-97.22385,26,1
Trinity Metro,32.72093,-97.23784,26,1
Trinity Metro,32.72119,-97.24352,26,1
Trinity Metro,32.72121,-97.24779,26,1
Trinity Metro,32.72126,-97.25461,26,1
Trinity Metro,32.72129,-97.25872,26,1
Trinity Metro,32.72132,-97.26248,26,1
Trinity Metro,32.72339,-97.26251,26,1
Trinity Metro,32.72357,-97.26962,26,1
Trinity Metro,32.72355,-97.27291,26,1
Trinity Metro,32.72357,-97.27641,26,1
Trinity Metro,32.72698,-97.27652,26,1
Trinity Metro,32.7297,-97.27651,26,1
Trinity Metro,32.73077,-97.27721,87,1
Trinity Metro,32.73079,-97.27946,87,1
Trinity Metro,32.68706,-97.41369,27,1
Trinity Metro,32.67681,-97.41699,27,1
Trinity Metro,32.65933,-97.42014,55,1
Trinity Metro,32.6603,-97.42021,55,1
Trinity Metro,32.66266,-97.41765,27,1
Trinity Metro,32.66278,-97.4107,27,1
Trinity Metro,32.66276,-97.40762,27,1
Trinity Metro,32.66412,-97.40202,71,1
Trinity Metro,32.66982,-97.39977,71,1
Trinity Metro,32.6714,-97.40006,70,1
Trinity Metro,32.66485,-97.40202,70,1
Trinity Metro,32.66307,-97.41067,28,1
Trinity Metro,32.66305,-97.40878,28,1
Trinity Metro,32.67694,-97.41649,28,1
Trinity Metro,32.6865,-97.41344,28,1
Trinity Metro,32.69501,-97.41159,28,1
Trinity Metro,32.72977,-97.34387,57,1
Trinity Metro,32.72616,-97.34386,57,1
Trinity Metro,32.7238,-97.34385,57,1
Trinity Metro,32.70438,-97.34968,57,1
Trinity Metro,32.70578,-97.34822,57,1
Trinity Metro,32.70174,-97.35247,57,1
Trinity Metro,32.69667,-97.35309,57,1
Trinity Metro,32.69183,-97.35308,57,1
Trinity Metro,32.68915,-97.35309,57,1
Trinity Metro,32.68684,-97.35311,57,1
Trinity Metro,32.68493,-97.35315,57,1
Trinity Metro,32.67879,-97.3531,57,1
Trinity Metro,32.67516,-97.3531,57,1
Trinity Metro,32.67159,-97.35306,57,1
Trinity Metro,32.66635,-97.35608,57,1
Trinity Metro,32.66194,-97.35613,57,1
Trinity Metro,32.65946,-97.35784,59,1
Trinity Metro,32.65576,-97.36153,59,1
Trinity Metro,32.657,-97.35982,57,1
Trinity Metro,32.65484,-97.36206,57,1
Trinity Metro,32.66201,-97.35587,57,1
Trinity Metro,32.66641,-97.35585,55,1
Trinity Metro,32.66966,-97.35449,55,1
Trinity Metro,32.67166,-97.35289,55,1
Trinity Metro,32.67517,-97.35291,55,1
Trinity Metro,32.67815,-97.35292,55,1
Trinity Metro,32.6811,-97.35294,55,1
Trinity Metro,32.68521,-97.35292,55,1
Trinity Metro,32.69057,-97.35293,55,1
Trinity Metro,32.69844,-97.35288,55,1
Trinity Metro,32.70283,-97.35101,55,1
Trinity Metro,32.7226,-97.34365,55,1
Trinity Metro,32.72395,-97.34364,55,1
Trinity Metro,32.72615,-97.34362,55,1
Trinity Metro,32.73016,-97.34363,55,1
Trinity Metro,32.73638,-97.3436,116,1
Trinity Metro,32.75786,-97.3323,186,2
Trinity Metro,32.75265,-97.32873,172,2
Trinity Metro,32.82078,-97.05606,21,1
Trinity Metro,32.82114,-97.05582,14,1
Trinity Metro,32.83003,-97.04889,15,1
Trinity Metro,32.83104,-97.04406,14,1
Trinity Metro,32.82698,-97.04935,89,1
Trinity Metro,32.79142,-97.35151,117,1
Trinity Metro,32.80481,-97.3413,57,1
Trinity Metro,32.79146,-97.35151,228,2
Trinity Metro,32.79526,-97.32658,115,1
Trinity Metro,32.79522,-97.33663,115,1
Trinity Metro,32.79528,-97.3472,115,1
Trinity Metro,32.79153,-97.3515,227,2
Trinity Metro,32.79229,-97.34902,301,2
Trinity Metro,32.79921,-97.3502,186,2
Trinity Metro,32.80362,-97.35138,186,2
Trinity Metro,32.80471,-97.35072,57,1
Trinity Metro,32.81738,-97.33404,60,1
Trinity Metro,32.8085,-97.33247,60,1
Trinity Metro,32.80576,-97.33198,117,1
Trinity Metro,32.8026,-97.32587,60,1
Trinity Metro,32.73674,-97.43054,45,1
Trinity Metro,32.73683,-97.43076,45,1
Trinity Metro,32.73686,-97.42608,45,1
Trinity Metro,32.73662,-97.42528,45,1
Trinity Metro,32.73794,-97.42049,45,1
Trinity Metro,32.73795,-97.42027,45,1
Trinity Metro,32.73678,-97.41888,45,1
Trinity Metro,32.73696,-97.41874,45,1
Trinity Metro,32.73428,-97.4181,45,1
Trinity Metro,32.73402,-97.41437,45,1
Trinity Metro,32.79136,-97.35151,379,3
Trinity Metro,32.72635,-97.40772,45,1
Trinity Metro,32.72631,-97.40178,45,1
Trinity Metro,32.72084,-97.40084,45,1
Trinity Metro,32.71897,-97.40086,45,1
Trinity Metro,32.71358,-97.41164,73,1
Trinity Metro,32.71532,-97.4107,117,1
Trinity Metro,32.71104,-97.40991,72,1
Trinity Metro,32.7162,-97.40804,45,1
Trinity Metro,32.71835,-97.40803,45,1
Trinity Metro,32.72434,-97.40792,45,1
Trinity Metro,32.73501,-97.4141,45,1
Trinity Metro,32.75248,-97.33092,347,2
Trinity Metro,32.75379,-97.33175,524,3
Trinity Metro,32.75557,-97.333,352,2
Trinity Metro,32.75693,-97.33393,220,2
Trinity Metro,32.75677,-97.33473,143,2
Trinity Metro,32.75552,-97.33379,344,2
Trinity Metro,32.74737,-97.33017,190,2
Trinity Metro,32.75899,-97.36242,40,1
Trinity Metro,32.75721,-97.3638,40,1
Trinity Metro,32.75651,-97.36517,80,1
Trinity Metro,32.7498,-97.32997,230,2
Trinity Metro,32.75406,-97.32968,172,2
Trinity Metro,32.67344,-97.25905,13,1
Trinity Metro,32.75557,-97.32875,115,1
Trinity Metro,32.67237,-97.25538,13,1
Trinity Metro,32.75609,-97.33492,132,2
Trinity Metro,32.74797,-97.32554,26,1
Trinity Metro,32.71597,-97.34388,57,1
Trinity Metro,32.69522,-97.35309,57,1
Trinity Metro,32.64992,-97.3712,18,1
Trinity Metro,32.695,-97.3529,55,1
Trinity Metro,32.70513,-97.34857,55,1
Trinity Metro,32.71568,-97.3437,55,1
Trinity Metro,32.7404,-97.26311,158,2
Trinity Metro,32.74028,-97.26319,126,1
Trinity Metro,32.74032,-97.26329,125,1
Trinity Metro,32.74051,-97.26329,125,1
Trinity Metro,32.74051,-97.26313,103,1
Trinity Metro,32.74861,-97.31819,58,1
Trinity Metro,32.75081,-97.31818,58,1
Trinity Metro,32.75159,-97.31617,58,1
Trinity Metro,32.75065,-97.31551,58,1
Trinity Metro,32.75315,-97.31842,58,1
Trinity Metro,32.6801,-97.25545,13,1
Trinity Metro,32.75123,-97.35747,182,2
Trinity Metro,32.75097,-97.35755,192,2
Trinity Metro,32.63995,-97.07272,22,1
Trinity Metro,32.70008,-97.41189,27,1
Trinity Metro,32.7003,-97.41161,28,1
Trinity Metro,32.74119,-97.28419,125,1
Trinity Metro,32.74842,-97.21636,111,1
Trinity Metro,32.7464,-97.21641,111,1
Trinity Metro,32.78472,-97.22138,17,1
Trinity Metro,32.76516,-97.17326,80,1
Trinity Metro,32.7649,-97.17234,130,2
Trinity Metro,32.78322,-97.34912,186,2
Trinity Metro,32.78648,-97.34906,243,2
Trinity Metro,32.84421,-97.19122,34,1
Trinity Metro,32.78237,-97.34936,249,2
Trinity Metro,32.80497,-97.34406,57,1
Trinity Metro,32.8174,-97.33714,60,1
Trinity Metro,32.79669,-97.3259,60,1
Trinity Metro,32.67797,-97.33143,35,1
Trinity Metro,32.79657,-97.35966,56,1
Trinity Metro,32.79916,-97.3615,56,1
Trinity Metro,32.78384,-97.35032,59,1
Trinity Metro,32.89616,-97.30567,59,1
Trinity Metro,32.78593,-97.36369,56,1
Trinity Metro,32.74357,-97.32706,116,1
Trinity Metro,32.83151,-97.29037,119,1
Trinity Metro,32.80476,-97.36241,57,1
Trinity Metro,32.83092,-97.29074,115,1
Trinity Metro,32.74111,-97.33476,118,1
Trinity Metro,32.74136,-97.33456,116,1
Trinity Metro,32.7407,-97.24888,125,1
Trinity Metro,32.8954,-97.29789,59,1
Trinity Metro,32.74355,-97.36136,38,1
Trinity Metro,32.89488,-97.29633,58,1
Trinity Metro,32.66659,-97.40095,70,1
Trinity Metro,32.76061,-97.32842,60,1
Trinity Metro,32.66112,-97.40197,42,1
Trinity Metro,32.65345,-97.36351,57,1
Trinity Metro,32.79988,-97.37526,54,1
Trinity Metro,32.79942,-97.3754,57,1
Trinity Metro,32.8028,-97.37167,54,1
Trinity Metro,32.80259,-97.37146,57,1
Trinity Metro,32.78278,-97.3612,59,1
Trinity Metro,32.78278,-97.35865,59,1
Trinity Metro,32.7829,-97.35858,56,1
Trinity Metro,32.64834,-97.36862,42,1
Trinity Metro,32.65169,-97.36577,46,1
Trinity Metro,32.73642,-97.32581,59,1
Trinity Metro,32.64384,-97.36978,4,1
Trinity Metro,32.63756,-97.36994,72,1
Trinity Metro,32.63757,-97.36957,42,1
Trinity Metro,32.63509,-97.37112,72,1
Trinity Metro,32.63433,-97.37664,72,1
Trinity Metro,32.64064,-97.39569,48,1
Trinity Metro,32.64286,-97.39604,42,1
Trinity Metro,32.63975,-97.39601,42,1
Trinity Metro,32.63774,-97.39502,42,1
Trinity Metro,32.63432,-97.38949,42,1
Trinity Metro,32.63586,-97.38577,42,1
Trinity Metro,32.63568,-97.38193,42,1
Trinity Metro,32.63403,-97.37658,42,1
Trinity Metro,32.63477,-97.37236,42,1
Trinity Metro,32.73661,-97.32599,58,1
Trinity Metro,32.76087,-97.3089,58,1
Trinity Metro,32.79135,-97.3021,58,1
Trinity Metro,32.78442,-97.30143,58,1
Trinity Metro,32.77087,-97.30178,58,1
Trinity Metro,32.75685,-97.30211,58,1
Trinity Metro,32.63533,-97.39229,42,1
Trinity Metro,32.63536,-97.39186,48,1
Trinity Metro,32.72051,-97.41361,27,1
Trinity Metro,32.72105,-97.41343,28,1
Trinity Metro,32.67989,-97.4148,27,1
Trinity Metro,32.67445,-97.4184,27,1
Trinity Metro,32.67179,-97.41929,27,1
Trinity Metro,32.6689,-97.41961,27,1
Trinity Metro,32.66891,-97.41925,28,1
Trinity Metro,32.67231,-97.41884,28,1
Trinity Metro,32.67468,-97.41794,28,1
Trinity Metro,32.67982,-97.41443,28,1
Trinity Metro,32.79526,-97.33349,115,1
Trinity Metro,32.86802,-97.29114,59,1
Trinity Metro,32.86524,-97.29107,59,1
Trinity Metro,32.87595,-97.28957,59,1
Trinity Metro,32.87605,-97.28992,58,1
Trinity Metro,32.87952,-97.28952,59,1
Trinity Metro,32.87977,-97.28987,58,1
Trinity Metro,32.88457,-97.28983,58,1
Trinity Metro,32.8845,-97.28948,59,1
Trinity Metro,32.7829,-97.36174,56,1
Trinity Metro,32.77612,-97.36759,91,1
Trinity Metro,32.73988,-97.32583,85,1
Trinity Metro,32.75774,-97.30884,58,1
Trinity Metro,32.74164,-97.32598,84,1
Trinity Metro,32.75367,-97.32966,182,2
Trinity Metro,32.65015,-97.37343,18,1
Trinity Metro,32.63879,-97.37712,4,1
Trinity Metro,32.63586,-97.38158,48,1
Trinity Metro,32.63443,-97.38988,48,1
Trinity Metro,32.63774,-97.39458,48,1
Trinity Metro,32.6427,-97.39572,48,1
Trinity Metro,32.64566,-97.39573,48,1
Trinity Metro,32.64782,-97.39579,4,1
Trinity Metro,32.6613,-97.40166,44,1
Trinity Metro,32.75243,-97.33222,354,2
Trinity Metro,32.75598,-97.33016,118,1
Trinity Metro,32.72273,-97.3611,38,1
Trinity Metro,32.82297,-97.34292,60,1
Trinity Metro,32.82427,-97.31505,57,1
Trinity Metro,32.77835,-97.39377,57,1
Trinity Metro,32.77842,-97.39304,57,1
Trinity Metro,32.77131,-97.33131,60,1
Trinity Metro,32.76444,-97.3296,60,1
Trinity Metro,32.76453,-97.32945,57,1
Trinity Metro,32.7711,-97.40243,57,1
Trinity Metro,32.7719,-97.40096,57,1
Trinity Metro,32.77516,-97.39789,57,1
Trinity Metro,32.72112,-97.25337,26,1
Trinity Metro,32.72121,-97.25292,26,1
Trinity Metro,32.77674,-97.39528,57,1
Trinity Metro,32.71774,-97.22845,26,1
Trinity Metro,32.8107,-97.29078,58,1
Trinity Metro,32.71807,-97.23714,26,1
Trinity Metro,32.7314,-97.30494,61,1
Trinity Metro,32.73065,-97.27907,87,1
Trinity Metro,32.73113,-97.24936,61,1
Trinity Metro,32.75114,-97.35145,354,2
Trinity Metro,32.71045,-97.24526,59,1
Trinity Metro,32.70858,-97.2413,59,1
Trinity Metro,32.70998,-97.23786,61,1
Trinity Metro,32.76231,-97.31512,58,1
Trinity Metro,32.73177,-97.3087,61,1
Trinity Metro,32.73839,-97.34299,116,1
Trinity Metro,32.80386,-97.38552,59,1
Trinity Metro,32.87338,-97.28985,59,1
Trinity Metro,32.71281,-97.30415,57,1
Trinity Metro,32.68537,-97.28508,95,1
Trinity Metro,32.87181,-97.2909,58,1
Trinity Metro,32.8679,-97.29148,58,1
Trinity Metro,32.73056,-97.33254,61,1
Trinity Metro,32.72749,-97.3315,251,2
Trinity Metro,32.7384,-97.3366,116,1
Trinity Metro,32.69132,-97.33161,190,2
Trinity Metro,32.70328,-97.33173,187,2
Trinity Metro,32.71875,-97.33147,190,2
Trinity Metro,32.86492,-97.29135,58,1
Trinity Metro,32.74027,-97.27548,125,1
Trinity Metro,32.79618,-97.29051,58,1
Trinity Metro,32.72805,-97.41682,192,2
Trinity Metro,32.73224,-97.43456,182,2
Trinity Metro,32.72764,-97.43477,192,2
Trinity Metro,32.7228,-97.4293,192,2
Trinity Metro,32.74907,-97.31353,58,1
Trinity Metro,32.74883,-97.31355,58,1
Trinity Metro,32.7339,-97.38781,50,1
Trinity Metro,32.72751,-97.41352,27,1
Trinity Metro,32.72718,-97.41567,28,1
Trinity Metro,32.71171,-97.38585,49,1
Trinity Metro,32.69591,-97.39133,50,1
Trinity Metro,32.6942,-97.39265,49,1
Trinity Metro,32.69144,-97.3941,50,1
Trinity Metro,32.68451,-97.35931,50,1
Trinity Metro,32.68428,-97.31558,61,1
Trinity Metro,32.72119,-97.24989,26,1
Trinity Metro,32.74623,-97.31528,159,2
Trinity Metro,32.68699,-97.33162,190,2
Trinity Metro,32.76213,-97.31496,58,1
Trinity Metro,32.81824,-97.40477,59,1
Trinity Metro,32.70401,-97.33153,190,2
Trinity Metro,32.78188,-97.38472,57,1
Trinity Metro,32.70833,-97.33153,190,2
Trinity Metro,32.71103,-97.3315,190,2
Trinity Metro,32.71117,-97.33169,187,2
Trinity Metro,32.71875,-97.33169,187,2
Trinity Metro,32.8601,-97.28983,59,1
Trinity Metro,32.75089,-97.33439,367,2
Trinity Metro,32.78995,-97.35399,57,1
Trinity Metro,32.85999,-97.29023,58,1
Trinity Metro,32.72616,-97.32166,72,1
Trinity Metro,32.89049,-97.2894,59,1
Trinity Metro,32.89043,-97.28977,58,1
Trinity Metro,32.7059,-97.34408,59,1
Trinity Metro,32.83407,-97.30232,57,1
Trinity Metro,32.68816,-97.35294,55,1
Trinity Metro,32.78566,-97.34729,60,1
Trinity Metro,32.78585,-97.34295,60,1
Trinity Metro,32.78584,-97.33947,60,1
Trinity Metro,32.78598,-97.33944,57,1
Trinity Metro,32.78601,-97.34297,57,1
Trinity Metro,32.72971,-97.43474,192,2
Trinity Metro,32.66674,-97.28993,275,2
Trinity Metro,32.8058,-97.36618,56,1
Trinity Metro,32.79508,-97.38016,57,1
Trinity Metro,32.78777,-97.38075,57,1
Trinity Metro,32.76767,-97.35467,91,1
Trinity Metro,32.70708,-97.33152,190,2
Trinity Metro,32.75426,-97.2154,60,1
Trinity Metro,32.75554,-97.21784,60,1
Trinity Metro,32.7574,-97.21781,60,1
Trinity Metro,32.76304,-97.21764,60,1
Trinity Metro,32.78586,-97.34742,57,1
Trinity Metro,32.75578,-97.21775,62,1
Trinity Metro,32.74206,-97.21627,62,1
Trinity Metro,32.73682,-97.2169,62,1
Trinity Metro,32.74033,-97.24139,125,1
Trinity Metro,32.74627,-97.31778,159,2
Trinity Metro,32.73884,-97.39097,192,2
Trinity Metro,32.7997,-97.35056,193,2
Trinity Metro,32.80378,-97.38521,56,1
Trinity Metro,32.75442,-97.21539,62,1
Trinity Metro,32.8052,-97.32617,117,1
Trinity Metro,32.80522,-97.34636,54,1
Trinity Metro,32.69432,-97.32014,25,1
Trinity Metro,32.69769,-97.32018,25,1
Trinity Metro,32.70153,-97.32016,25,1
Trinity Metro,32.68024,-97.33167,28,1
Trinity Metro,32.70612,-97.29882,83,1
Trinity Metro,32.70682,-97.29506,24,1
Trinity Metro,32.70625,-97.29107,24,1
Trinity Metro,32.70308,-97.28665,37,1
Trinity Metro,32.69951,-97.28115,37,1
Trinity Metro,32.6946,-97.28043,37,1
Trinity Metro,32.68927,-97.28044,37,1
Trinity Metro,32.68563,-97.28045,37,1
Trinity Metro,32.68419,-97.28049,37,1
Trinity Metro,32.68407,-97.28022,47,1
Trinity Metro,32.68935,-97.28022,47,1
Trinity Metro,32.69469,-97.28022,47,1
Trinity Metro,32.69935,-97.28069,47,1
Trinity Metro,32.70306,-97.28628,47,1
Trinity Metro,32.70648,-97.29192,34,1
Trinity Metro,32.70692,-97.29457,34,1
Trinity Metro,32.70673,-97.29766,95,1
Trinity Metro,32.66346,-97.2957,24,1
Trinity Metro,32.66384,-97.29488,35,1
Trinity Metro,32.71053,-97.30706,34,1
Trinity Metro,32.71326,-97.31256,34,1
Trinity Metro,32.71498,-97.31254,34,1
Trinity Metro,32.82496,-97.33625,60,1
Trinity Metro,32.71798,-97.31849,34,1
Trinity Metro,32.71581,-97.31851,34,1
Trinity Metro,32.71338,-97.31856,34,1
Trinity Metro,32.71139,-97.31856,34,1
Trinity Metro,32.66241,-97.30418,24,1
Trinity Metro,32.67562,-97.31828,24,1
Trinity Metro,32.67552,-97.31846,35,1
Trinity Metro,32.82478,-97.33608,57,1
Trinity Metro,32.67654,-97.31938,24,1
Trinity Metro,32.67097,-97.31261,24,1
Trinity Metro,32.67096,-97.31277,35,1
Trinity Metro,32.66698,-97.30892,35,1
Trinity Metro,32.69842,-97.32105,34,1
Trinity Metro,32.69372,-97.32105,34,1
Trinity Metro,32.67813,-97.32886,24,1
Trinity Metro,32.68186,-97.33185,28,1
Trinity Metro,32.68076,-97.33186,28,1
Trinity Metro,32.82413,-97.30752,57,1
Trinity Metro,32.67756,-97.34518,35,1
Trinity Metro,32.67235,-97.34515,52,1
Trinity Metro,32.82447,-97.30748,60,1
Trinity Metro,32.79322,-97.34901,301,2
Trinity Metro,32.7911,-97.34924,308,2
Trinity Metro,32.66843,-97.33173,28,1
Trinity Metro,32.68227,-97.33166,28,1
Trinity Metro,32.6843,-97.33163,28,1
Trinity Metro,32.7581,-97.30912,58,1
Trinity Metro,32.75526,-97.30837,58,1
Trinity Metro,32.75417,-97.30551,58,1
Trinity Metro,32.75691,-97.30188,58,1
Trinity Metro,32.75878,-97.30164,58,1
Trinity Metro,32.76485,-97.30161,58,1
Trinity Metro,32.77055,-97.30157,58,1
Trinity Metro,32.77808,-97.30149,58,1
Trinity Metro,32.78143,-97.30148,58,1
Trinity Metro,32.7844,-97.30164,58,1
Trinity Metro,32.79144,-97.30191,58,1
Trinity Metro,32.79276,-97.3019,58,1
Trinity Metro,32.79424,-97.30191,58,1
Trinity Metro,32.7953,-97.31886,55,1
Trinity Metro,32.79528,-97.32486,55,1
Trinity Metro,32.7951,-97.3466,115,1
Trinity Metro,32.79508,-97.31886,58,1
Trinity Metro,32.78993,-97.30867,58,1
Trinity Metro,32.785,-97.30867,58,1
Trinity Metro,32.78054,-97.30866,58,1
Trinity Metro,32.77894,-97.30877,58,1
Trinity Metro,32.77659,-97.30877,58,1
Trinity Metro,32.76319,-97.31078,58,1
Trinity Metro,32.7978,-97.36054,57,1
Trinity Metro,32.79656,-97.35982,57,1
Trinity Metro,32.79802,-97.37844,59,1
Trinity Metro,32.79629,-97.37633,59,1
Trinity Metro,32.80124,-97.36294,56,1
Trinity Metro,32.80314,-97.36372,56,1
Trinity Metro,32.80473,-97.3583,57,1
Trinity Metro,32.80456,-97.35361,57,1
Trinity Metro,32.75146,-97.32885,713,4
Trinity Metro,32.79522,-97.29867,58,1
Trinity Metro,32.77359,-97.30871,55,1
Trinity Metro,32.6845,-97.32281,99,1
Trinity Metro,32.68463,-97.32744,289,2
Trinity Metro,32.79778,-97.37733,57,1
Trinity Metro,32.7379,-97.31359,26,1
Trinity Metro,32.738,-97.31373,26,1
Trinity Metro,32.73801,-97.30635,26,1
Trinity Metro,32.738,-97.31022,26,1
Trinity Metro,32.738,-97.31531,26,1
Trinity Metro,32.738,-97.31753,26,1
Trinity Metro,32.73785,-97.32548,26,1
Trinity Metro,32.73785,-97.32384,26,1
Trinity Metro,32.73787,-97.31753,26,1
Trinity Metro,32.7379,-97.31492,26,1
Trinity Metro,32.7379,-97.31058,26,1
Trinity Metro,32.7379,-97.30728,26,1
Trinity Metro,32.76188,-97.1602,80,1
Trinity Metro,32.75356,-97.42995,57,1
Trinity Metro,32.75379,-97.43017,57,1
Trinity Metro,32.79706,-97.32577,57,1
Trinity Metro,32.80231,-97.32573,57,1
Trinity Metro,32.7783,-97.33494,60,1
Trinity Metro,32.77393,-97.33228,60,1
Trinity Metro,32.7671,-97.32989,60,1
Trinity Metro,32.75712,-97.16496,80,1
Trinity Metro,32.7575,-97.15843,80,1
Trinity Metro,32.75924,-97.1572,80,1
Trinity Metro,32.78976,-97.36364,56,1
Trinity Metro,32.78524,-97.36389,59,1
Trinity Metro,32.7529,-97.1714,51,1
Trinity Metro,32.75366,-97.17587,51,1
Trinity Metro,32.7545,-97.18305,51,1
Trinity Metro,32.7571,-97.18306,51,1
Trinity Metro,32.75526,-97.3613,40,1
Trinity Metro,32.648,-97.36095,16,1
Trinity Metro,32.64553,-97.36546,16,1
Trinity Metro,32.64374,-97.36853,16,1
Trinity Metro,32.64942,-97.36615,16,1
Trinity Metro,32.64898,-97.36139,16,1
Trinity Metro,32.65335,-97.37096,14,1
Trinity Metro,32.65146,-97.3725,14,1
Trinity Metro,32.6498,-97.36992,14,1
Trinity Metro,32.7052,-97.36147,61,1
Trinity Metro,32.78291,-97.36353,56,1
Trinity Metro,32.75907,-97.3614,40,1
Trinity Metro,32.75178,-97.32572,250,2
Trinity Metro,32.76709,-97.32974,57,1
Trinity Metro,32.76976,-97.33061,57,1
Trinity Metro,32.77358,-97.33183,57,1
Trinity Metro,32.77611,-97.34578,193,2
Trinity Metro,32.67369,-97.39954,70,1
Trinity Metro,32.67239,-97.39963,44,1
Trinity Metro,32.63683,-97.3785,4,1
Trinity Metro,32.64221,-97.37302,4,1
Trinity Metro,32.91687,-97.31129,59,1
Trinity Metro,32.68552,-97.28476,89,1
Trinity Metro,32.74364,-97.32884,116,1
Trinity Metro,32.74383,-97.3293,118,1
Trinity Metro,32.80405,-97.32549,111,1
Trinity Metro,32.80468,-97.32572,111,1
Trinity Metro,32.80519,-97.32432,57,1
Trinity Metro,32.80479,-97.33922,57,1
Trinity Metro,32.80559,-97.33678,57,1
Trinity Metro,32.80578,-97.33407,57,1
Trinity Metro,32.80545,-97.32689,111,1
Trinity Metro,32.80603,-97.33168,111,1
Trinity Metro,32.80604,-97.33373,54,1
Trinity Metro,32.80593,-97.33662,54,1
Trinity Metro,32.80502,-97.33954,54,1
Trinity Metro,32.80504,-97.34165,54,1
Trinity Metro,32.8052,-97.3437,54,1
Trinity Metro,32.80342,-97.35158,193,2
Trinity Metro,32.79715,-97.34978,193,2
Trinity Metro,32.79433,-97.37373,56,1
Trinity Metro,32.79617,-97.37598,56,1
Trinity Metro,32.79731,-97.37732,56,1
Trinity Metro,32.8003,-97.38099,56,1
Trinity Metro,32.77248,-97.30176,58,1
Trinity Metro,32.78277,-97.36312,59,1
Trinity Metro,32.74549,-97.21642,60,1
Trinity Metro,32.83642,-97.0655,14,1
Trinity Metro,32.72563,-97.35586,108,1
Trinity Metro,32.77489,-97.34814,56,1
Trinity Metro,32.78791,-97.30142,58,1
Trinity Metro,32.79507,-97.33393,115,1
Trinity Metro,32.73541,-97.28673,26,1
Trinity Metro,32.7311,-97.24623,61,1
Trinity Metro,32.71368,-97.23799,61,1
Trinity Metro,32.71433,-97.30395,45,1
Trinity Metro,32.70683,-97.41157,28,1
Trinity Metro,32.73405,-97.43563,88,1
Trinity Metro,32.73459,-97.26205,65,1
Trinity Metro,32.73475,-97.26183,61,1
Trinity Metro,32.76581,-97.16826,80,1
Trinity Metro,32.77432,-97.3486,59,1
Trinity Metro,32.79557,-97.29072,58,1
Trinity Metro,32.73311,-97.32197,61,1
Trinity Metro,32.73285,-97.32183,74,1
Trinity Metro,32.72755,-97.23748,61,1
Trinity Metro,32.73594,-97.31213,58,1
Trinity Metro,32.68509,-97.32422,35,1
Trinity Metro,32.68499,-97.32422,81,1
Trinity Metro,32.68488,-97.3243,131,2
Trinity Metro,32.68492,-97.32451,377,3
Trinity Metro,32.83441,-97.29761,57,1
Trinity Metro,32.66719,-97.29789,43,1
Trinity Metro,32.82414,-97.30409,57,1
Trinity Metro,32.82915,-97.29992,57,1
Trinity Metro,32.70617,-97.29928,95,1
Trinity Metro,32.70576,-97.3033,83,1
Trinity Metro,32.70598,-97.31554,74,1
Trinity Metro,32.66303,-97.33194,28,1
Trinity Metro,32.64845,-97.33618,28,1
Trinity Metro,32.64807,-97.34866,28,1
Trinity Metro,32.63505,-97.35176,28,1
Trinity Metro,32.63506,-97.36331,28,1
Trinity Metro,32.63576,-97.37905,28,1
Trinity Metro,32.64149,-97.37403,28,1
Trinity Metro,32.64111,-97.36981,72,1
Trinity Metro,32.63479,-97.36891,28,1
Trinity Metro,32.63477,-97.36264,28,1
Trinity Metro,32.63478,-97.35211,28,1
Trinity Metro,32.64824,-97.34832,28,1
Trinity Metro,32.64958,-97.33525,28,1
Trinity Metro,32.66616,-97.33173,28,1
Trinity Metro,32.7736,-97.29182,55,1
Trinity Metro,32.81762,-97.33984,57,1
Trinity Metro,32.81725,-97.33343,57,1
Trinity Metro,32.68029,-97.29602,182,2
Trinity Metro,32.66179,-97.29682,24,1
Trinity Metro,32.6768,-97.32272,24,1
Trinity Metro,32.68785,-97.32019,25,1
Trinity Metro,32.71889,-97.31832,72,1
Trinity Metro,32.70132,-97.28341,47,1
Trinity Metro,32.77966,-97.34815,249,2
Trinity Metro,32.77955,-97.34781,245,2
Trinity Metro,32.73427,-97.34384,118,1
Trinity Metro,32.66927,-97.35578,57,1
Trinity Metro,32.64397,-97.40581,44,1
Trinity Metro,32.64508,-97.40952,44,1
Trinity Metro,32.64974,-97.40949,44,1
Trinity Metro,32.65291,-97.40727,44,1
Trinity Metro,32.65801,-97.40101,44,1
Trinity Metro,32.65843,-97.40101,42,1
Trinity Metro,32.65497,-97.40521,42,1
Trinity Metro,32.65292,-97.40767,42,1
Trinity Metro,32.64872,-97.40982,42,1
Trinity Metro,32.6451,-97.40985,42,1
Trinity Metro,32.64368,-97.40794,42,1
Trinity Metro,32.64479,-97.40165,42,1
Trinity Metro,32.64786,-97.39619,42,1
Trinity Metro,32.75609,-97.33705,131,2
Trinity Metro,32.66078,-97.30436,35,1
Trinity Metro,32.66087,-97.30417,24,1
Trinity Metro,32.67761,-97.33187,28,1
Trinity Metro,32.72459,-97.40079,45,1
Trinity Metro,32.72234,-97.40081,45,1
Trinity Metro,32.66665,-97.33191,28,1
Trinity Metro,32.6393,-97.34867,28,1
Trinity Metro,32.64355,-97.37027,28,1
Trinity Metro,32.63908,-97.3484,28,1
Trinity Metro,32.75687,-97.2176,62,1
Trinity Metro,32.70847,-97.3186,34,1
Trinity Metro,32.71173,-97.24923,59,1
Trinity Metro,32.66163,-97.33222,28,1
Trinity Metro,32.67867,-97.33166,28,1
Trinity Metro,32.73127,-97.24909,61,1
Trinity Metro,32.72601,-97.32889,61,1
Trinity Metro,32.72822,-97.4079,45,1
Trinity Metro,32.75742,-97.19791,51,1
Trinity Metro,32.75442,-97.20687,51,1
Trinity Metro,32.75764,-97.19154,52,1
Trinity Metro,32.74857,-97.21622,114,1
Trinity Metro,32.72857,-97.40804,45,1
Trinity Metro,32.72346,-97.2707,26,1
Trinity Metro,32.7234,-97.26666,26,1
Trinity Metro,32.72353,-97.27117,26,1
Trinity Metro,32.73655,-97.31226,57,1
Trinity Metro,32.77209,-97.30158,58,1
Trinity Metro,32.79509,-97.32941,115,1
Trinity Metro,32.79508,-97.32615,115,1
Trinity Metro,32.80209,-97.42458,91,1
Trinity Metro,32.80536,-97.41443,91,1
Trinity Metro,32.76943,-97.35817,92,1
Trinity Metro,32.78139,-97.3727,149,2
Trinity Metro,32.7759,-97.21574,17,1
Trinity Metro,32.7751,-97.21554,17,1
Trinity Metro,32.69553,-97.41191,27,1
Trinity Metro,32.72507,-97.41356,27,1
Trinity Metro,32.82366,-97.03812,14,1
Trinity Metro,32.82726,-97.03805,14,1
Trinity Metro,32.81075,-97.33233,60,1
Trinity Metro,32.70473,-97.26303,65,1
Trinity Metro,32.81071,-97.33205,57,1
Trinity Metro,32.69189,-97.26331,65,1
Trinity Metro,32.68167,-97.27637,78,1
Trinity Metro,32.70409,-97.389,49,1
Trinity Metro,32.70707,-97.38756,49,1
Trinity Metro,32.72708,-97.38776,49,1
Trinity Metro,32.7069,-97.38794,50,1
Trinity Metro,32.6486,-97.36886,30,1
Trinity Metro,32.6647,-97.34712,4,1
Trinity Metro,32.74804,-97.43295,57,1
Trinity Metro,32.74737,-97.3565,38,1
Trinity Metro,32.74729,-97.36156,38,1
Trinity Metro,32.74726,-97.35719,38,1
Trinity Metro,32.76877,-97.22495,140,2
Trinity Metro,32.73681,-97.42297,45,1
Trinity Metro,32.73057,-97.41349,45,1
Trinity Metro,32.72114,-97.408,45,1
Trinity Metro,32.72934,-97.41148,45,1
Trinity Metro,32.73707,-97.42296,45,1
Trinity Metro,32.63348,-97.32206,2,1
Trinity Metro,32.72916,-97.41411,192,2
Trinity Metro,32.72899,-97.41334,45,1
Trinity Metro,32.73015,-97.41331,45,1
Trinity Metro,32.73204,-97.41333,45,1
Trinity Metro,32.74288,-97.38128,192,2
Trinity Metro,32.73775,-97.38775,50,1
Trinity Metro,32.68461,-97.33961,74,1
Trinity Metro,32.69868,-97.26283,61,1
Trinity Metro,32.70422,-97.26282,61,1
Trinity Metro,32.71385,-97.26112,113,1
Trinity Metro,32.71286,-97.25326,59,1
Trinity Metro,32.73998,-97.28191,125,1
Trinity Metro,32.74905,-97.43374,57,1
Trinity Metro,32.69578,-97.30406,44,1
Trinity Metro,32.79015,-97.37716,57,1
Trinity Metro,32.74662,-97.33925,38,1
Trinity Metro,32.74661,-97.33782,38,1
Trinity Metro,32.78477,-97.22125,17,1
Trinity Metro,32.73293,-97.31174,58,1
Trinity Metro,32.75542,-97.26173,80,1
Trinity Metro,32.74662,-97.34093,38,1
Trinity Metro,32.80535,-97.41878,91,1
Trinity Metro,32.71817,-97.41348,28,1
Trinity Metro,32.71819,-97.41363,27,1
Trinity Metro,32.74069,-97.24154,125,1
Trinity Metro,32.73698,-97.42861,45,1
Trinity Metro,32.73682,-97.42803,45,1
Trinity Metro,32.80518,-97.35015,433,3
Trinity Metro,32.79316,-97.37257,57,1
Trinity Metro,32.77346,-97.30095,58,1
Trinity Metro,32.77493,-97.29892,58,1
Trinity Metro,32.77574,-97.29585,58,1
Trinity Metro,32.77571,-97.29202,58,1
Trinity Metro,32.77288,-97.28757,58,1
Trinity Metro,32.76591,-97.28777,58,1
Trinity Metro,32.76291,-97.28781,58,1
Trinity Metro,32.75728,-97.28807,58,1
Trinity Metro,32.81849,-97.38218,56,1
Trinity Metro,32.75159,-97.35459,40,1
Trinity Metro,32.75565,-97.35471,40,1
Trinity Metro,32.75478,-97.35458,40,1
Trinity Metro,32.75255,-97.35477,40,1
Trinity Metro,32.7732,-97.30662,55,1
Trinity Metro,32.77306,-97.30643,58,1
Trinity Metro,32.74532,-97.28896,55,1
Trinity Metro,32.74685,-97.28918,55,1
Trinity Metro,32.76493,-97.28754,55,1
Trinity Metro,32.76595,-97.28754,55,1
Trinity Metro,32.77315,-97.29907,55,1
Trinity Metro,32.68445,-97.35077,50,1
Trinity Metro,32.76135,-97.30909,58,1
Trinity Metro,32.69099,-97.2967,45,1
Trinity Metro,32.73282,-97.32496,74,1
Trinity Metro,32.74284,-97.28802,125,1
Trinity Metro,32.77409,-97.30175,58,1
Trinity Metro,32.76958,-97.28735,55,1
Trinity Metro,32.63664,-97.34871,28,1
Trinity Metro,32.63651,-97.34838,28,1
Trinity Metro,32.80861,-97.36971,57,1
Trinity Metro,32.8089,-97.36943,56,1
Trinity Metro,32.8193,-97.38381,57,1
Trinity Metro,32.74522,-97.31198,81,1
Trinity Metro,32.82137,-97.38341,56,1
Trinity Metro,32.78498,-97.38242,91,1
Trinity Metro,32.82381,-97.38414,56,1
Trinity Metro,32.81092,-97.4034,59,1
Trinity Metro,32.73518,-97.41872,45,1
Trinity Metro,32.73535,-97.41859,45,1
Trinity Metro,32.81123,-97.40377,56,1
Trinity Metro,32.82462,-97.3857,56,1
Trinity Metro,32.83002,-97.38605,112,1
Trinity Metro,32.8297,-97.38609,116,1
Trinity Metro,32.74605,-97.362,38,1
Trinity Metro,32.7279,-97.36137,38,1
Trinity Metro,32.7461,-97.36175,38,1
Trinity Metro,32.77822,-97.35365,56,1
Trinity Metro,32.77768,-97.35389,59,1
Trinity Metro,32.66391,-97.42153,27,1
Trinity Metro,32.66233,-97.42217,28,1
Trinity Metro,32.78118,-97.35285,56,1
Trinity Metro,32.78121,-97.35301,59,1
Trinity Metro,32.78288,-97.35681,56,1
Trinity Metro,32.80626,-97.3882,56,1
Trinity Metro,32.73231,-97.31224,61,1
Trinity Metro,32.84227,-97.29038,59,1
Trinity Metro,32.72892,-97.36112,38,1
Trinity Metro,32.71708,-97.36027,38,1
Trinity Metro,32.68761,-97.28938,89,1
Trinity Metro,32.74574,-97.36995,175,2
Trinity Metro,32.71039,-97.3106,24,1
Trinity Metro,32.71042,-97.30672,24,1
Trinity Metro,32.71052,-97.31028,34,1
Trinity Metro,32.91167,-97.30707,59,1
Trinity Metro,32.90658,-97.30709,58,1
Trinity Metro,32.71114,-97.24605,61,1
Trinity Metro,32.70587,-97.33536,59,1
Trinity Metro,32.70608,-97.33668,61,1
Trinity Metro,32.70583,-97.31547,59,1
Trinity Metro,32.71258,-97.29075,59,1
Trinity Metro,32.71255,-97.29117,61,1
Trinity Metro,32.71351,-97.27783,61,1
Trinity Metro,32.71398,-97.2718,59,1
Trinity Metro,32.71409,-97.26758,61,1
Trinity Metro,32.90698,-97.3068,59,1
Trinity Metro,32.69167,-97.41165,28,1
Trinity Metro,32.89323,-97.28981,58,1
Trinity Metro,32.80616,-97.3883,59,1
Trinity Metro,32.71258,-97.40823,72,1
Trinity Metro,32.84884,-97.29026,58,1
Trinity Metro,32.8487,-97.28988,59,1
Trinity Metro,32.82617,-97.29071,115,1
Trinity Metro,32.68042,-97.2963,171,2
Trinity Metro,32.84096,-97.29077,58,1
Trinity Metro,32.68463,-97.35128,49,1
Trinity Metro,32.75526,-97.19848,52,1
Trinity Metro,32.75525,-97.19863,51,1
Trinity Metro,32.75441,-97.2136,51,1
Trinity Metro,32.82527,-97.29034,119,1
Trinity Metro,32.8359,-97.2907,58,1
Trinity Metro,32.83575,-97.29033,59,1
Trinity Metro,32.76237,-97.32885,57,1
Trinity Metro,32.79498,-97.29298,58,1
Trinity Metro,32.71801,-97.23294,26,1
Trinity Metro,32.70228,-97.36053,38,1
Trinity Metro,32.66518,-97.30553,24,1
Trinity Metro,32.6647,-97.3052,35,1
Trinity Metro,32.74376,-97.33195,118,1
Trinity Metro,32.7436,-97.33242,116,1
Trinity Metro,32.73329,-97.22134,125,1
Trinity Metro,32.79501,-97.29917,58,1
Trinity Metro,32.77389,-97.35022,59,1
Trinity Metro,32.80262,-97.29044,58,1
Trinity Metro,32.69341,-97.33179,187,2
Trinity Metro,32.89441,-97.29007,59,1
Trinity Metro,32.7148,-97.40807,45,1
Trinity Metro,32.78708,-97.38549,146,2
Trinity Metro,32.64966,-97.37691,14,1
Trinity Metro,32.82481,-97.34212,57,1
Trinity Metro,32.82439,-97.32675,57,1
Trinity Metro,32.82452,-97.31534,60,1
Trinity Metro,32.82441,-97.30336,60,1
Trinity Metro,32.82822,-97.3,60,1
Trinity Metro,32.837,-97.29402,57,1
Trinity Metro,32.82463,-97.32647,60,1
Trinity Metro,32.81915,-97.04707,15,1
Trinity Metro,32.77846,-97.33484,57,1
Trinity Metro,32.91175,-97.30737,117,1
Trinity Metro,32.79818,-97.3784,56,1
Trinity Metro,32.80556,-97.42716,91,1
Trinity Metro,32.80935,-97.42869,91,1
Trinity Metro,32.80865,-97.42244,183,2
Trinity Metro,32.70992,-97.2299,26,1
Trinity Metro,32.78498,-97.38464,57,1
Trinity Metro,32.62803,-97.34936,28,1
Trinity Metro,32.75563,-97.33254,172,2
Trinity Metro,32.80504,-97.3665,54,1
Trinity Metro,32.80478,-97.36599,57,1
Trinity Metro,32.81547,-97.37772,57,1
Trinity Metro,32.70266,-97.42689,12,1
Trinity Metro,32.80544,-97.36631,57,1
Trinity Metro,32.7206,-97.23552,122,1
Trinity Metro,32.802,-97.29067,58,1
Trinity Metro,32.77598,-97.34653,56,1
Trinity Metro,32.74311,-97.36857,347,2
Trinity Metro,32.75091,-97.34023,367,2
Trinity Metro,32.7511,-97.34226,394,3
Trinity Metro,32.75325,-97.3287,192,2
Trinity Metro,32.70879,-97.41642,12,1
Trinity Metro,32.77554,-97.34683,59,1
Trinity Metro,32.69062,-97.24334,11,1
Trinity Metro,32.7328,-97.21702,122,1
Trinity Metro,32.70271,-97.33156,190,2
Trinity Metro,32.81279,-97.40903,56,1
Trinity Metro,32.7263,-97.33146,251,2
Trinity Metro,32.79724,-97.34959,186,2
Trinity Metro,32.80253,-97.38368,56,1
Trinity Metro,32.80008,-97.38093,59,1
Trinity Metro,32.80704,-97.33251,60,1
Trinity Metro,32.80451,-97.32582,60,1
Trinity Metro,32.80382,-97.36461,57,1
Trinity Metro,32.80088,-97.36292,57,1
Trinity Metro,32.79913,-97.36166,57,1
Trinity Metro,32.78985,-97.35362,57,1
Trinity Metro,32.76058,-97.22293,60,1
Trinity Metro,32.8048,-97.35328,54,1
Trinity Metro,32.80485,-97.35596,54,1
Trinity Metro,32.805,-97.36066,54,1
Trinity Metro,32.80502,-97.36368,54,1
Trinity Metro,32.79389,-97.3492,308,2
Trinity Metro,32.75521,-97.33671,132,2
Trinity Metro,32.72151,-97.33167,187,2
Trinity Metro,32.69143,-97.3318,187,2
Trinity Metro,32.7029,-97.42623,12,1
Trinity Metro,32.67483,-97.29793,163,2
Trinity Metro,32.71617,-97.30409,45,1
Trinity Metro,32.73316,-97.3119,57,1
Trinity Metro,32.676,-97.29791,147,2
Trinity Metro,32.66899,-97.29965,43,1
Trinity Metro,32.64369,-97.40516,42,1
Trinity Metro,32.64585,-97.39601,42,1
Trinity Metro,32.63485,-97.38014,42,1
Trinity Metro,32.64157,-97.36946,42,1
Trinity Metro,32.64435,-97.36947,42,1
Trinity Metro,32.73393,-97.34362,116,1
Trinity Metro,32.73211,-97.34387,118,1
Trinity Metro,32.65334,-97.3687,14,1
Trinity Metro,32.64899,-97.37356,14,1
Trinity Metro,32.63514,-97.38002,46,1
Trinity Metro,32.63597,-97.3866,48,1
Trinity Metro,32.64815,-97.39629,44,1
Trinity Metro,32.64622,-97.40025,44,1
Trinity Metro,32.64445,-97.40274,44,1
Trinity Metro,32.65467,-97.40517,44,1
Trinity Metro,32.65594,-97.40364,44,1
Trinity Metro,32.66642,-97.40065,71,1
Trinity Metro,32.70253,-97.36029,38,1
Trinity Metro,32.74664,-97.33194,38,1
Trinity Metro,32.76487,-97.17607,78,1
Trinity Metro,32.7575,-97.16004,80,1
Trinity Metro,32.76519,-97.17649,80,1
Trinity Metro,32.76647,-97.21153,80,1
Trinity Metro,32.76427,-97.23217,80,1
Trinity Metro,32.70597,-97.3106,74,1
Trinity Metro,32.72129,-97.3183,72,1
Trinity Metro,32.72288,-97.31828,72,1
Trinity Metro,32.7263,-97.32632,133,2
Trinity Metro,32.73199,-97.31553,74,1
Trinity Metro,32.76724,-97.3016,58,1
Trinity Metro,32.77318,-97.30295,55,1
Trinity Metro,32.81192,-97.29038,58,1
Trinity Metro,32.82212,-97.29035,119,1
Trinity Metro,32.83691,-97.29151,57,1
Trinity Metro,32.76051,-97.32791,57,1
Trinity Metro,32.83405,-97.3027,60,1
Trinity Metro,32.82207,-97.29072,115,1
Trinity Metro,32.80418,-97.29068,58,1
Trinity Metro,32.79699,-97.29067,58,1
Trinity Metro,32.79522,-97.29334,58,1
Trinity Metro,32.77309,-97.30846,58,1
Trinity Metro,32.77304,-97.30284,58,1
Trinity Metro,32.74565,-97.25748,52,1
Trinity Metro,32.74584,-97.23872,52,1
Trinity Metro,32.75429,-97.21138,52,1
Trinity Metro,32.75429,-97.20708,52,1
Trinity Metro,32.75772,-97.19052,51,1
Trinity Metro,32.7544,-97.21104,51,1
Trinity Metro,32.74614,-97.22572,51,1
Trinity Metro,32.74602,-97.23855,51,1
Trinity Metro,32.78572,-97.34933,193,2
Trinity Metro,32.78861,-97.34905,243,2
Trinity Metro,32.73409,-97.43868,88,1
Trinity Metro,32.72985,-97.44103,31,1
Trinity Metro,32.73595,-97.46089,31,1
Trinity Metro,32.73434,-97.45804,31,1
Trinity Metro,32.73387,-97.44973,31,1
Trinity Metro,32.66307,-97.40557,28,1
Trinity Metro,32.66625,-97.41987,28,1
Trinity Metro,32.72387,-97.4134,28,1
Trinity Metro,32.72525,-97.41566,28,1
Trinity Metro,32.66667,-97.42012,27,1
Trinity Metro,32.66274,-97.40355,27,1
Trinity Metro,32.8052,-97.41553,91,1
Trinity Metro,32.80386,-97.42087,91,1
Trinity Metro,32.77909,-97.37009,92,1
Trinity Metro,32.7815,-97.37227,91,1
Trinity Metro,32.78971,-97.38818,91,1
Trinity Metro,32.70926,-97.3871,50,1
Trinity Metro,32.68458,-97.33648,74,1
Trinity Metro,32.68423,-97.32257,61,1
Trinity Metro,32.68603,-97.28655,95,1
Trinity Metro,32.68057,-97.2746,98,1
Trinity Metro,32.72734,-97.26216,65,1
Trinity Metro,32.68064,-97.27416,78,1
Trinity Metro,32.68309,-97.27943,78,1
Trinity Metro,32.68639,-97.28667,89,1
Trinity Metro,32.68479,-97.29641,65,1
Trinity Metro,32.68999,-97.3937,49,1
Trinity Metro,32.72279,-97.38669,49,1
Trinity Metro,32.68281,-97.37171,49,1
Trinity Metro,32.66937,-97.33192,28,1
Trinity Metro,32.64975,-97.33572,28,1
Trinity Metro,32.64829,-97.34136,28,1
Trinity Metro,32.64459,-97.34865,28,1
Trinity Metro,32.64296,-97.34866,28,1
Trinity Metro,32.63504,-97.35608,28,1
Trinity Metro,32.63504,-97.35844,28,1
Trinity Metro,32.63969,-97.37637,28,1
Trinity Metro,32.63476,-97.35652,28,1
Trinity Metro,32.64291,-97.34834,28,1
Trinity Metro,32.6456,-97.34834,28,1
Trinity Metro,32.64785,-97.33971,28,1
Trinity Metro,32.64799,-97.33679,28,1
Trinity Metro,32.73761,-97.31966,26,1
Trinity Metro,32.73608,-97.30076,26,1
Trinity Metro,32.7359,-97.29092,26,1
Trinity Metro,32.7204,-97.22635,26,1
Trinity Metro,32.71144,-97.23018,26,1
Trinity Metro,32.72118,-97.24055,26,1
Trinity Metro,32.73601,-97.28847,26,1
Trinity Metro,32.73772,-97.31934,26,1
Trinity Metro,32.738,-97.32389,26,1
Trinity Metro,32.7313,-97.30046,61,1
Trinity Metro,32.72228,-97.23737,123,1
Trinity Metro,32.7331,-97.32345,61,1
Trinity Metro,32.72601,-97.32766,61,1
Trinity Metro,32.73071,-97.33192,61,1
Trinity Metro,32.65641,-97.30199,24,1
Trinity Metro,32.67727,-97.33388,24,1
Trinity Metro,32.67719,-97.3392,24,1
Trinity Metro,32.6772,-97.34282,24,1
Trinity Metro,32.67063,-97.34567,52,1
Trinity Metro,32.67083,-97.34865,52,1
Trinity Metro,32.67394,-97.34869,52,1
Trinity Metro,32.67717,-97.34646,52,1
Trinity Metro,32.67796,-97.34503,24,1
Trinity Metro,32.68049,-97.34503,24,1
Trinity Metro,32.68416,-97.34516,35,1
Trinity Metro,32.68123,-97.34521,35,1
Trinity Metro,32.67708,-97.34252,35,1
Trinity Metro,32.67706,-97.33822,35,1
Trinity Metro,32.67716,-97.33379,35,1
Trinity Metro,32.66822,-97.31104,35,1
Trinity Metro,32.65682,-97.30294,35,1
Trinity Metro,32.71664,-97.31265,24,1
Trinity Metro,32.71142,-97.3127,24,1
Trinity Metro,32.70664,-97.29734,83,1
Trinity Metro,32.701,-97.28327,37,1
Trinity Metro,32.69088,-97.28044,37,1
Trinity Metro,32.69097,-97.28023,47,1
Trinity Metro,32.71104,-97.31257,34,1
Trinity Metro,32.71824,-97.3151,34,1
Trinity Metro,32.7951,-97.32532,58,1
Trinity Metro,32.74607,-97.31593,157,2
Trinity Metro,32.74592,-97.30034,180,2
Trinity Metro,32.74072,-97.267,125,1
Trinity Metro,32.74068,-97.24434,125,1
Trinity Metro,32.73744,-97.23319,125,1
Trinity Metro,32.73607,-97.22928,125,1
Trinity Metro,32.78276,-97.35632,59,1
Trinity Metro,32.73259,-97.21704,250,2
Trinity Metro,32.74106,-97.24626,125,1
Trinity Metro,32.74107,-97.27137,125,1
Trinity Metro,32.73997,-97.27867,125,1
Trinity Metro,32.74326,-97.28813,125,1
Trinity Metro,32.74474,-97.2911,183,2
Trinity Metro,32.76963,-97.28757,58,1
Trinity Metro,32.76466,-97.28779,58,1
Trinity Metro,32.76054,-97.28782,58,1
Trinity Metro,32.74781,-97.28958,58,1
Trinity Metro,32.7458,-97.28958,58,1
Trinity Metro,32.76318,-97.28757,55,1
Trinity Metro,32.77261,-97.28732,55,1
Trinity Metro,32.77396,-97.30153,58,1
Trinity Metro,32.76636,-97.21822,157,2
Trinity Metro,32.73978,-97.21636,60,1
Trinity Metro,32.73774,-97.21673,60,1
Trinity Metro,32.70591,-97.34974,59,1
Trinity Metro,32.70588,-97.34882,59,1
Trinity Metro,32.70585,-97.32246,59,1
Trinity Metro,32.70872,-97.24091,61,1
Trinity Metro,32.70614,-97.34542,61,1
Trinity Metro,32.70613,-97.3489,61,1
Trinity Metro,32.70614,-97.35292,61,1
Trinity Metro,32.70623,-97.35779,61,1
Trinity Metro,32.62915,-97.32104,4,1
Trinity Metro,32.63664,-97.32099,4,1
Trinity Metro,32.64964,-97.32185,4,1
Trinity Metro,32.64141,-97.37439,2,1
Trinity Metro,32.6491,-97.39057,4,1
Trinity Metro,32.65135,-97.38602,4,1
Trinity Metro,32.65045,-97.3771,4,1
Trinity Metro,32.72562,-97.4348,192,2
Trinity Metro,32.74163,-97.38493,182,2
Trinity Metro,32.74687,-97.3324,38,1
Trinity Metro,32.7468,-97.3396,38,1
Trinity Metro,32.73029,-97.36152,38,1
Trinity Metro,32.69918,-97.36118,38,1
Trinity Metro,32.75499,-97.36452,40,1
Trinity Metro,32.7472,-97.3284,40,1
Trinity Metro,32.76511,-97.22804,62,1
Trinity Metro,32.76342,-97.22507,62,1
Trinity Metro,32.76314,-97.22479,60,1
Trinity Metro,32.76513,-97.22828,60,1
Trinity Metro,32.76076,-97.22291,62,1
Trinity Metro,32.76217,-97.22403,62,1
Trinity Metro,32.762,-97.22417,60,1
Trinity Metro,32.72939,-97.22915,62,1
Trinity Metro,32.72058,-97.23172,60,1
Trinity Metro,32.72055,-97.22862,60,1
Trinity Metro,32.72054,-97.22664,60,1
Trinity Metro,32.82866,-97.04886,89,1
Trinity Metro,32.7478,-97.32756,54,1
Trinity Metro,32.74682,-97.33784,38,1
Trinity Metro,32.74678,-97.34107,38,1
Trinity Metro,32.74486,-97.26182,130,2
Trinity Metro,32.71393,-97.34389,57,1
Trinity Metro,32.70793,-97.23214,11,1
Trinity Metro,32.70982,-97.23108,26,1
Trinity Metro,32.69075,-97.29676,44,1
Trinity Metro,32.74321,-97.31597,23,1
Trinity Metro,32.73004,-97.40983,45,1
Trinity Metro,32.82444,-97.30075,60,1
Trinity Metro,32.69944,-97.23569,11,1
Trinity Metro,32.72369,-97.42786,182,2
Trinity Metro,32.80498,-97.34573,57,1
Trinity Metro,32.74055,-97.3318,187,2
Trinity Metro,32.72634,-97.40415,45,1
Trinity Metro,32.72878,-97.22568,60,1
Trinity Metro,32.72449,-97.2257,60,1
Trinity Metro,32.75084,-97.33017,190,2
Trinity Metro,32.72107,-97.24026,26,1
Trinity Metro,32.73622,-97.30069,26,1
Trinity Metro,32.71008,-97.238,61,1
Trinity Metro,32.6848,-97.34367,49,1
Trinity Metro,32.86281,-97.29021,59,1
Trinity Metro,32.6557,-97.41943,55,1
Trinity Metro,32.66174,-97.42003,27,1
Trinity Metro,32.75858,-97.15664,80,1
Trinity Metro,32.76564,-97.19759,78,1
Trinity Metro,32.76589,-97.19666,80,1
Trinity Metro,32.71926,-97.22603,52,1
Trinity Metro,32.76283,-97.30161,58,1
Trinity Metro,32.75888,-97.24481,78,1
Trinity Metro,32.7583,-97.24987,78,1
Trinity Metro,32.75812,-97.25557,78,1
Trinity Metro,32.75735,-97.26123,78,1
Trinity Metro,32.71815,-97.31672,24,1
Trinity Metro,32.71824,-97.31682,34,1
Trinity Metro,32.67677,-97.34871,52,1
Trinity Metro,32.67981,-97.34518,35,1
Trinity Metro,32.6906,-97.2512,11,1
Trinity Metro,32.69855,-97.2483,11,1
Trinity Metro,32.71232,-97.2831,146,2
Trinity Metro,32.74843,-97.32508,261,2
Trinity Metro,32.72623,-97.4211,192,2
Trinity Metro,32.72222,-97.43426,182,2
Trinity Metro,32.70352,-97.23341,11,1
Trinity Metro,32.75302,-97.17352,51,1
Trinity Metro,32.82318,-97.06735,14,1
Trinity Metro,32.71337,-97.28748,74,1
Trinity Metro,32.70535,-97.30544,61,1
Trinity Metro,32.75544,-97.33061,172,2
Trinity Metro,32.8163,-97.37845,56,1
Trinity Metro,32.67643,-97.38463,50,1
Trinity Metro,32.67703,-97.38392,49,1
Trinity Metro,32.67606,-97.37956,50,1
Trinity Metro,32.67593,-97.37993,49,1
Trinity Metro,32.67832,-97.3768,50,1
Trinity Metro,32.67807,-97.3774,49,1
Trinity Metro,32.68236,-97.37198,50,1
Trinity Metro,32.68096,-97.37371,49,1
Trinity Metro,32.80569,-97.41447,92,1
Trinity Metro,32.71625,-97.46575,54,1
Trinity Metro,32.69127,-97.3202,25,1
Trinity Metro,32.66514,-97.28663,92,1
Trinity Metro,32.73223,-97.31779,61,1
Trinity Metro,32.66826,-97.30028,43,1
Trinity Metro,32.78701,-97.38143,57,1
Trinity Metro,32.71514,-97.40091,45,1
Trinity Metro,32.71669,-97.40088,45,1
Trinity Metro,32.68907,-97.25037,11,1
Trinity Metro,32.80476,-97.29046,58,1
Trinity Metro,32.79527,-97.33007,115,1
Trinity Metro,32.75621,-97.36128,40,1
Trinity Metro,32.92203,-97.31865,5,1
Trinity Metro,32.72638,-97.47543,88,1
Trinity Metro,32.73302,-97.47915,88,1
Trinity Metro,32.72938,-97.4794,88,1
Trinity Metro,32.72788,-97.47371,88,1
Trinity Metro,32.72845,-97.47209,88,1
Trinity Metro,32.72856,-97.46884,88,1
Trinity Metro,32.73031,-97.46781,88,1
Trinity Metro,32.73145,-97.46953,88,1
Trinity Metro,32.73355,-97.47228,88,1
Trinity Metro,32.73491,-97.47366,31,1
Trinity Metro,32.73412,-97.47772,88,1
Trinity Metro,32.73495,-97.47656,88,1
Trinity Metro,32.7177,-97.3125,34,1
Trinity Metro,32.73173,-97.33147,190,2
Trinity Metro,32.73974,-97.27765,125,1
Trinity Metro,32.73604,-97.46023,57,1
Trinity Metro,32.78425,-97.38174,146,2
Trinity Metro,32.74361,-97.32404,24,1
Trinity Metro,32.74344,-97.32404,23,1
Trinity Metro,32.70648,-97.31861,34,1
Trinity Metro,32.76305,-97.21742,62,1
Trinity Metro,32.81439,-97.29048,58,1
Trinity Metro,32.81438,-97.29084,58,1
Trinity Metro,32.80955,-97.29046,58,1
Trinity Metro,32.80888,-97.29071,58,1
Trinity Metro,32.68701,-97.33183,187,2
Trinity Metro,32.72802,-97.33165,248,2
Trinity Metro,32.73012,-97.33166,248,2
Trinity Metro,32.73508,-97.39989,192,2
Trinity Metro,32.66904,-97.29333,43,1
Trinity Metro,32.73854,-97.33873,118,1
Trinity Metro,32.74746,-97.35906,210,2
Trinity Metro,32.75905,-97.3594,40,1
Trinity Metro,32.7592,-97.3587,40,1
Trinity Metro,32.759,-97.35616,40,1
Trinity Metro,32.75917,-97.35512,40,1
Trinity Metro,32.75993,-97.24073,78,1
Trinity Metro,32.78419,-97.3807,91,1
Trinity Metro,32.78355,-97.37973,203,2
Trinity Metro,32.77664,-97.28922,58,1
Trinity Metro,32.73538,-97.38778,50,1
Trinity Metro,32.68449,-97.31442,65,1
Trinity Metro,32.706,-97.31357,74,1
Trinity Metro,32.6379,-97.3776,28,1
Trinity Metro,32.63252,-97.3487,28,1
Trinity Metro,32.63237,-97.34841,28,1
Trinity Metro,32.71589,-97.25977,52,1
Trinity Metro,32.72717,-97.47826,88,1
Trinity Metro,32.72793,-97.44104,31,1
Trinity Metro,32.68904,-97.24355,11,1
Trinity Metro,32.67135,-97.33172,28,1
Trinity Metro,32.68886,-97.32104,34,1
Trinity Metro,32.79676,-97.37889,54,1
Trinity Metro,32.71088,-97.41318,12,1
Trinity Metro,32.70997,-97.41622,12,1
Trinity Metro,32.75916,-97.34344,91,1
Trinity Metro,32.75865,-97.34318,92,1
Trinity Metro,32.68568,-97.32022,25,1
Trinity Metro,32.79353,-97.30863,58,1
Trinity Metro,32.76555,-97.16786,130,2
Trinity Metro,32.75215,-97.32578,76,1
Trinity Metro,32.75202,-97.3257,379,3
Trinity Metro,32.75186,-97.3256,374,3
Trinity Metro,32.75168,-97.32547,112,1
Trinity Metro,32.75148,-97.32534,113,1
Trinity Metro,32.75208,-97.32593,183,2
Trinity Metro,32.75193,-97.32584,377,3
Trinity Metro,32.75158,-97.3256,117,1
Trinity Metro,32.75144,-97.3255,116,1
Trinity Metro,32.75129,-97.3254,122,1
Trinity Metro,32.75108,-97.32522,347,2
Trinity Metro,32.75101,-97.32538,52,1
Trinity Metro,32.75183,-97.32623,30,1
Trinity Metro,32.75172,-97.32616,119,1
Trinity Metro,32.75154,-97.32604,4,1
Trinity Metro,32.75141,-97.32595,117,1
Trinity Metro,32.75127,-97.32586,80,1
Trinity Metro,32.75115,-97.32577,116,1
Trinity Metro,32.70556,-97.306,58,1
Trinity Metro,32.70568,-97.30524,59,1
Trinity Metro,32.70535,-97.30574,115,1
Trinity Metro,32.76458,-97.16746,158,2
Trinity Metro,32.71577,-97.41181,28,1
Trinity Metro,32.92187,-97.31862,20,1
Trinity Metro,32.66782,-97.24604,26,1
Trinity Metro,32.73178,-97.22099,60,1
Trinity Metro,32.67106,-97.25312,13,1
Trinity Metro,32.67763,-97.25541,13,1
Trinity Metro,32.66946,-97.24126,13,1
Trinity Metro,32.67258,-97.24116,13,1
Trinity Metro,32.97878,-97.31061,20,1
Trinity Metro,32.9724,-97.31154,10,1
Trinity Metro,32.97784,-97.31055,10,1
Trinity Metro,32.64641,-97.36409,16,1
Trinity Metro,32.67847,-97.24116,13,1
Trinity Metro,32.68667,-97.25565,13,1
Trinity Metro,32.69005,-97.25572,13,1
Trinity Metro,32.68892,-97.25085,13,1
Trinity Metro,32.68883,-97.24346,13,1
Trinity Metro,32.68223,-97.24114,13,1
Trinity Metro,32.67784,-97.27556,24,1
Trinity Metro,32.6685,-97.27451,24,1
Trinity Metro,32.66289,-97.2702,24,1
Trinity Metro,32.67106,-97.28036,23,1
Trinity Metro,32.65327,-97.27004,24,1
Trinity Metro,32.64993,-97.27004,24,1
Trinity Metro,32.64816,-97.26935,24,1
Trinity Metro,32.65317,-97.26983,24,1
Trinity Metro,32.65364,-97.27328,24,1
Trinity Metro,32.65334,-97.27887,24,1
Trinity Metro,32.67188,-97.27544,24,1
Trinity Metro,32.66194,-97.2825,24,1
Trinity Metro,32.66775,-97.28034,23,1
Trinity Metro,32.66408,-97.28086,23,1
Trinity Metro,32.66004,-97.281,23,1
Trinity Metro,32.66003,-97.27579,23,1
Trinity Metro,32.66327,-97.27025,23,1
Trinity Metro,32.66822,-97.27407,23,1
Trinity Metro,32.67477,-97.27542,23,1
Trinity Metro,32.66004,-97.27172,23,1
Trinity Metro,32.65425,-97.28281,24,1
Trinity Metro,32.64462,-97.34834,28,1
Trinity Metro,32.65856,-97.27005,24,1
Trinity Metro,32.85667,-97.28981,59,1
Trinity Metro,32.79563,-97.33796,216,2
Trinity Metro,32.82019,-97.29365,216,2
Trinity Metro,32.84465,-97.24892,204,2
Trinity Metro,32.86504,-97.21138,204,2
Trinity Metro,32.9332,-97.07726,204,2
Trinity Metro,32.9334,-97.05413,204,2
Trinity Metro,32.90625,-97.04129,204,2
Trinity Metro,32.82004,-97.29356,116,1
Trinity Metro,32.81984,-97.29348,117,1
Trinity Metro,32.79577,-97.33796,115,1
Trinity Metro,32.85684,-97.29021,58,1
Trinity Metro,32.79541,-97.33802,99,1
Trinity Metro,32.81937,-97.29358,105,1
Trinity Metro,32.75718,-97.28799,55,1
Trinity Metro,32.7081,-97.28871,13,1
Trinity Metro,32.70787,-97.28896,13,1
Trinity Metro,32.75364,-97.18312,52,1
Trinity Metro,32.78734,-97.30868,58,1
Trinity Metro,32.73882,-97.33486,118,1
Trinity Metro,32.73964,-97.33468,116,1
Trinity Metro,32.75565,-97.18343,52,1
Trinity Metro,32.75352,-97.17583,52,1
Trinity Metro,32.7529,-97.17362,52,1
Trinity Metro,32.75309,-97.1709,52,1
Trinity Metro,32.75473,-97.16962,52,1
Trinity Metro,32.76255,-97.16817,52,1
Trinity Metro,32.76401,-97.17266,52,1
Trinity Metro,32.91788,-97.31006,59,1
Trinity Metro,32.73405,-97.45133,54,1
Trinity Metro,32.84534,-97.29064,58,1
Trinity Metro,32.84445,-97.29035,59,1
Trinity Metro,32.85065,-97.29022,58,1
Trinity Metro,32.86259,-97.29049,58,1
Trinity Metro,32.89594,-97.30325,59,1
Trinity Metro,32.89574,-97.30505,58,1
Trinity Metro,32.9026,-97.30683,59,1
Trinity Metro,32.90277,-97.30717,58,1
Trinity Metro,32.80625,-97.42963,91,1
Trinity Metro,32.75117,-97.36317,175,2
Trinity Metro,32.75038,-97.35846,172,2
Trinity Metro,32.74798,-97.35852,172,2
Trinity Metro,32.74657,-97.36851,172,2
Trinity Metro,32.74968,-97.36982,175,2
Trinity Metro,32.75121,-97.3672,175,2
Trinity Metro,32.75096,-97.35075,407,3
Trinity Metro,32.78597,-97.38289,57,1
Trinity Metro,32.75905,-97.32743,60,1
Trinity Metro,32.75906,-97.32724,57,1
Trinity Metro,32.82261,-97.06485,14,1
Trinity Metro,32.82639,-97.07032,14,1
Trinity Metro,32.83224,-97.06946,14,1
Trinity Metro,32.815,-97.0431,14,1
Trinity Metro,32.78332,-97.35055,56,1
Trinity Metro,32.78874,-97.35029,59,1
Trinity Metro,32.80204,-97.3511,186,2
Trinity Metro,32.80165,-97.35117,193,2
Trinity Metro,32.82373,-97.3847,57,1
Trinity Metro,32.71338,-97.28155,61,1
Trinity Metro,32.7155,-97.40443,45,1
Trinity Metro,32.71658,-97.40819,45,1
Trinity Metro,32.97299,-97.30945,15,1
Trinity Metro,32.83531,-97.29501,60,1
Trinity Metro,32.78128,-97.37962,57,1
Trinity Metro,32.78132,-97.37751,57,1
Trinity Metro,32.8571,-97.0356,148,2
Trinity Metro,32.69629,-97.36777,38,1
Trinity Metro,32.69629,-97.36635,76,1
Trinity Metro,32.74358,-97.21641,60,1
Trinity Metro,32.74352,-97.21625,62,1
Trinity Metro,32.83243,-97.39038,228,2
